name,type,price,state,position,area
碧桂园泰富城,商业类,17000元/平,在售,汉阳-沌口三环线与江城大道交界处（永旺旁）,建面 29~55m²
鑫聚温莎半岛,别墅,560万/套,在售,蔡甸-经济开发区知音湖畔（天鹅湖大道与温莎半岛路交汇）,建面 361~524m²
万金国际广场,商业类,17000元/平,在售,武昌-紫阳东路与中山路交汇处（武昌火车站旁）,建面 44~63m²
兴华尚都国际,住宅,30000元/平,在售,江汉-建设大道与汉西交汇处（地铁3号线双墩站旁）,建面 235m²
沿海菱角湖壹号,商业类,25000元/平,在售,江汉-武汉市江汉区长江日报路与菱角湖路交汇处（菱角湖公园旁）,建面 45~55m²
华中国际广场,商业类,16000元/平,在售,江岸-竹叶山转盘黄孝河路与黄埔大街交汇处,建面 34~85m²
江南花山郡,住宅,8300元/平,在售,江夏-向阳社区旁,建面 118~156m²
都会轩,住宅,1200万/套,在售,江汉-江汉区江汉四路和江汉路步行街交汇处,建面 403m²
鼎盛华城,住宅,19300元/平,在售,江岸-兴业路167号,建面 156m²
越秀星汇君泊越天地,商业类,14000元/平,在售,江岸-塔子湖东路越秀星汇君泊越天地（塔子湖东路与健美路交汇处，塔子湖体育中心旁）,建面 60m²
中国健康谷,商业类,13000元/平,在售,蔡甸-汉阳大道与五贤路交汇处,建面 44~55m²
南德榜样学府,住宅,9800元/平,在售,黄陂-巨龙大道日月山水站附近,建面 96~116m²
天宇万象国际,商业类,14000元/平,在售,硚口-古田二路与长升路交汇处,建面 51~105m²
龙山观邸,住宅,9100元/平,在售,江夏-江夏纸坊街青龙路（青龙水库旁）,建面 135~156m²
联投金色港湾锦绣,住宅,15000元/平,在售,蔡甸-博学路6号,建面 85~135m²
洺悦府,住宅,23000元/平,在售,硚口-解放大道与古田五路交汇处,建面 168m²
中交江锦湾,商业类,18000元/平,在售,青山-红钢二街（武汉市49中高中部旁）,建面 52~78m²
恒大御景湾,商业类,15000元/平,在售,汉阳-鹦鹉大道与汉新大道交汇处（距国博500米）,建面 65~112m²
泰顺和商业中心,商业类,5700元/平,在售,东西湖-东西湖长青街107国道以南，高桥五路以西，台南一道以北,建面 58~105m²
东方雨林,住宅,10800元/平,在售,东湖高新-城际铁路庙山新村站前行200米,建面 134~146m²
武汉SOHO,商业类,5500元/平,在售,新洲-阳逻经济开发区余泊大道99号,建面 40~59m²
凯德西城,商业类,19000元/平,在售,硚口-古田二路轻轨站A出口旁,建面 49~59m²
复地海上海,商业类,23500元/平,在售,汉阳-鹦鹉大道建港路站旁,--
海联时代广场,商业类,15000元/平,在售,硚口-硚口长升路与丰茂路交汇处（三江航天酒店对面）,建面 63~69m²
南湖半岛,住宅,28000元/平,在售,洪山-名都花园后618终点站,--
海伦小镇,别墅,320万/套,在售,蔡甸-军山街小军村,建面 164~173m²
万科翡翠玖玺,住宅,20000元/平,在售,蔡甸-太子湖路与车城东路交汇处（武汉体育中心旁）,建面 155~190m²
ICC铂庭,住宅,33750元/平,在售,江汉-青年路59号,建面 74~80m²
枫景国际公寓,商业类,11000元/平,在售,蔡甸-东风大道与枫树三路交汇处（丝宝工业园旁）,建面 32~42m²
金色港湾双湖林语,住宅,15200元/平,在售,汉阳-项目位于南北太子湖之间,建面 143m²
东港国际广场,住宅,6800元/平,在售,新洲-客运站旁,建面 40~70m²
纳帕溪谷,别墅,700万/套,在售,东湖高新-藏龙岛栗庙路9号(华农楚天学院旁),建面 234~270m²
汉水岸,商业类,12500元/平,在售,硚口-古田一路轻轨站旁,建面 52~104m²
中部国际物联港,商业类,7500元/平,在售,黄陂-汉口北大道四季美农贸城东50米（汉口北水晶城北向200米）,建面 36~61m²
富强天合熙园,商业类,13000元/平,在售,江岸-后湖大道（江岸区检察院旁）,建面 44~51m²
同馨花园雍豪府,住宅,35000元/平,在售,硚口-解放大道582号,建面 213m²
金地本座,商业类,15500元/平,在售,东湖高新-东湖高新区康泰路与荣院路交汇处（武汉工程大学正对面）,建面 49m²
顶琇国际城,商业类,17000元/平,在售,江汉-发展大道与唐家墩路交汇处（地铁6/10号线唐家墩站旁）,建面 47m²
金银潭文化广场,商业类,16500元/平,在售,东西湖-金银潭大道与将军五路交汇处,建面 47m²
美好广场,商业类,13500元/平,在售,汉阳-江堤中路与马鹦路交汇口,建面 35~76m²
卧龙墨水湖边,别墅,38000元/平,在售,汉阳-江城大道与墨水湖南路交汇处,建面 256~310m²
湖墅观止,别墅,20000元/平,在售,蔡甸-后官湖生态宜居新城,建面 200~280m²
招商江湾国际,商业类,16500元/平,在售,硚口-解放大道古田二路和古田路交汇处,建面 61m²
振泰汪集豪庭,住宅,5000元/平,在售,新洲-汉新公路（汪集公交站往邾城方向20米）,建面 111~133m²
越秀国际金融汇,住宅,38000元/平,在售,江汉-精武路1号（新华路体育馆对面）,建面 192m²
金银湖1号院,住宅,20000元/平,在售,东西湖-奥林匹克花园旁,建面 90~150m²
揽胜公园,住宅,23000元/平,在售,洪山-南湖大道与狮子山北路交汇处,建面 201m²
美联德玛假日二期阳光里,住宅,10300元/平,在售,东西湖-东西湖区黄狮海东路与啤砖路交汇处（径河旁）,建面 107m²
千禧城,住宅,21500元/平,在售,硚口-古田三路轻轨站旁,建面 103m²
永利国际大厦,商业类,17000元/平,在售,洪山-雄楚大道杨家湾虎泉街228号,建面 40~58m²
东湖楚天府,商业类,25000元/平,在售,洪山-八一路340号,建面 37~55m²
常福国际商务广场,商业类,6500元/平,在售,蔡甸-常福工业园常兴路与318国道交汇处（205公交站南）,建面 55m²
青澳都市尚巢,商业类,17500元/平,在售,蔡甸-龙阳大道与四新南路交汇处,建面 42~54m²
银泰御华园二期,别墅,35000元/平,在售,江岸-武汉市江岸区新江岸五村328号银泰御华园,建面 599m²
汉口城市广场SOHO,商铺,28000元/平,在售,江岸-后湖大道汉口城市广场SOHO（后湖大道与建设大道延长线交汇处508百步亭花园路站）,--
东原时光道,商铺,260万/套,在售,洪山-武昌区友谊大道与团结路交汇处（销品茂旁边）,--
ZAMA PARK,商铺,40000元/平,在售,江岸-金桥大道与井南路交汇处（市民之家100米处）,--
世纪江尚,商铺,30000元/平,在售,江汉-沿江大道246号,建面 203~520m²
板桥逸景,住宅,9500元/平,在售,黄陂-板桥大道与岱黄高速交汇处 （黄陂六中对面）,建面 105m²
龙台二期桃源,商铺,60万/套,在售,蔡甸-后官湖大道枫树一路龙台二期桃源,--
海伦春天三期,商铺,42500元/平,在售,蔡甸-龙阳大道与芳草一路交汇处,--
保利香颂,住宅,16500元/平,在售,汉阳-龙阳大道与四新大道交汇处（地铁3号线四新大道站）,建面 132m²
联投半岛,别墅,800万/套,在售,蔡甸-车城西路与车城大道交汇处（经开职业学校附近）,建面 164~237m²
保利公园九里,商业类,13000元/平,在售,洪山-南湖花园城建安街与南湖路交汇处,建面 38~55m²
万豪世纪天街,住宅,11500元/平,在售,江夏-文化大道路与谭鑫培路交汇处（谭鑫培公园附近）,建面 143m²
泛海国际芸海园,住宅,32000元/平,在售,江汉-江汉区武汉中央商务区黄海路（体育公园旁）,建面 105m²
理公馆,住宅,27700元/平,在售,洪山-雄楚大道与理工大路交汇处（武警总队西侧）,建面 93~133m²
立城中心,写字楼,15500元/平,在售,江岸-江岸区后湖大道与塔子湖东路交汇处,--
海伦春天四期,住宅,15000元/平,在售,蔡甸-龙阳大道与芳草一路交汇处,建面 89~128m²
金岛金桥壹号,商铺,37000元/平,在售,江岸-江岸区金桥大道与兴业路交汇处,--
金地自在城,商业类,14000元/平,在售,洪山-团结大道地铁4号线仁和路出口处,建面 33~40m²
庭瑞U-ME,商业类,15500元/平,在售,汉阳-太子湖北路,建面 37~39m²
幸福时代四期,商业类,22000元/平,在售,江岸-后湖大道与百步亭花园路交汇处,建面 46~51m²
星悦城三期,商铺,43000元/平,在售,江岸-后湖大道与塔子湖西路交汇处,建面 44~119m²
空港中心,写字楼,10000元/平,在售,黄陂-临空新城景星路特一号（航空总部旁）,--
金岛御璟世家跃境,底商,18000元/平,在售,江岸-武汉大道与建设大道交汇处东北侧（武汉科技馆旁）,--
新长江CBD中心,写字楼,18000元/平,在售,江汉-武汉市江汉区常青路与后襄河北路交汇处,--
天纵半岛蓝湾,商铺,20000元/平,在售,东西湖-宏图大道与银潭路交汇处（296金银潭大道宏图路站）,--
庭瑞时代,住宅,27000元/平,在售,江汉-新华路与马场角路交汇处（菱角湖万达广场对面）,建面 162m²
中建汤逊湖壹号,别墅,26500元/平,在售,江夏-文化大道与金樱街交汇处向东1000米,建面 251m²
武汉客厅,写字楼,22000元/平,在售,东西湖-金银潭大道与宏图路交汇处,建面 112~1292m²
铂仕汇国际广场,写字楼,23000元/平,在售,江岸-江岸区京汉大道与三阳路交汇处,--
金地天悦,商铺,43000元/平,在售,东湖高新-武汉工程大学对面,--
华中企业城金寓金街,底商,12000元/平,在售,黄陂-黄陂汉口北大道16号(华中企业城附近),--
海伦春天一期,商铺,25000元/平,在售,蔡甸-芳草一路海伦春天一期,--
海伦春天二期,商铺,23000元/平,在售,蔡甸-龙阳大道升官渡（龙阳大道与芳草一路交汇处）,--
吾行里,商铺,15000元/平,在售,青山-和平大道与建设二路交汇处(众圆广场斜对面),--
天纵城,商铺,20000元/平,在售,黄陂-盘龙城经济开发区巨龙大道（下岱黄高速右行即达）,建面 50~300m²
联投广场,写字楼,8500元/平,在售,江夏-珞狮南路延长线文化大道3号（江夏区政府旁）,--
金地悦江时代,住宅,19000元/平,在售,硚口-解放大道与古田二路交汇处以南,--
海伦广场,底商,24000元/平,在售,江夏-文化大道和红旗街交汇处（侨亚国际文化大厦旁）,--
联泰香域水岸,商业类,14500元/平,在售,青山-青山区临江大道与建设四路交汇处（和平公园旁）,建面 68m²
远洋心汉口二期,底商,35000元/平,在售,江汉-江汉区常青路与发展大道交汇处,--
佳柏现代城,商业类,11000元/平,在售,东西湖-东西湖区交通运输局对面,建面 45~71m²
三和光谷道,底商,27500元/平,在售,东湖高新-江夏光谷大道与高新六路交汇处（藏龙会所对面）,--
古田嬉空间,写字楼,22000元/平,在售,硚口-解放大道与古田二路交汇处,--
汉北广场,底商,30000元/平,在售,黄陂-黄陂汉口北大道四季美农贸城东侧,--
联发九都国际,写字楼,25000元/平,在售,洪山-徐东大街与团结大街交汇处,--
金珠港湾二期,住宅,13500元/平,在售,东西湖-东西湖区金银湖环湖西路8号,建面 96~136m²
汉口新界广场,商业类,30000元/平,在售,江汉-江汉区航空路26号（华中科技大学同济医学院旁）,建面 57m²
东立国际,商铺,39000元/平,在售,江岸-二七路口与工农兵路交汇处,--
佳阳城市之星,住宅,8400元/平,在售,新洲-环湖路与高新街交汇处（环湖路泊湖湾公交站以东）,建面 94~125m²
光谷科技港,写字楼,7500元/平,在售,东湖高新-东湖高新区大学园路与华师园北路交汇处,--
前川欣城二期,商铺,25000元/平,在售,黄陂-前川大道463号(前川大道与石阳街交汇处),--
融创融公馆,商铺,40000元/平,在售,江汉-江岸区和谐大道以北,--
融侨锦江,商铺,40000元/平,在售,硚口-建一路2号,--
沿海赛洛城,底商,25000元/平,在售,东西湖-金山大道武汉沿海赛洛城2008号,--
当代国际花园四期,商铺,25000元/平,在售,东湖高新-光谷大道106号,建面 118~130m²
武汉自贸城,商铺,17000元/平,在售,东西湖-东西湖区107国道与高桥二路交叉口,--
人民武汉国际汽车城,商铺,19000元/平,在售,蔡甸-常福工业园,--
世茂锦绣长江四期,商铺,30000元/平,在售,汉阳-滨江大道188号（阳新路公交车站附近）,建面 58~958m²
正堂山外山,写字楼,23000元/平,在售,洪山-欢乐大道与杨园南路交汇处,--
滨湖壹号,别墅,19000元/平,在售,东湖高新-藏龙大道与谭湖路交汇处,--
海尔国际广场,写字楼,15000元/平,在售,硚口-解放大道古田二路轻轨站口（省柴小区对面）,--
佳阳翠湖里,商业类,7300元/平,在售,新洲-新洲区平江大道以西（口岸联检大楼旁）,建面 42~49m²
新福茂中央广场,商铺,30000元/平,在售,蔡甸-武汉市蔡甸区汉阳大道与新福路交汇处,--
联投佩尔创意SOHO,写字楼,5300元/平,在售,东湖高新-光谷大道与流芳大道交汇处,--
泛海国际居住区樱海园,底商,40000元/平,在售,江汉-常青路王家墩泛海国际居住区樱海园,--
远洋心里,底商,17000元/平,在售,江汉-杨汊湖常青五路与姑嫂树路交汇处,--
鑫城宜居,底商,25000元/平,在售,东西湖-东吴大道鑫城宜居（东吴大道与金山大道交汇处）,--
华东天地,商铺,35000元/平,在售,武昌-武昌区中华路39号（粮食局正对面）,--
泛海国际SOHO城,商铺,40000元/平,在售,江汉-中央商务区淮海路南侧,--
盛惠邻里MALL,商铺,20000元/平,在售,硚口-长丰大道158号（万国汽配城旁）,--
汉口湖畔,商铺,25000元/平,在售,黄陂-盘龙城经济开发区盘龙大道（奥特莱斯旁）,--
万科锦程,商铺,45000元/平,在售,东湖高新-东湖高新区雄楚大道1008号,--
绿景苑港东名居一期,商铺,28000元/平,在售,洪山-园林路与北洋桥路交汇处,--
舵落口广场陶瓷卫浴博览中心,商铺,26000元/平,在售,东西湖-东西湖区东西湖区东西湖大道特一号,--
新安万福广场,商铺,40000元/平,在售,武昌-武汉市武昌区白沙洲堤东街538号,--
奥山世纪城V公馆,商铺,27000元/平,在售,青山-和平大道809号,建面 79m²
美安国际电商物流城,商铺,15000元/平,在售,东西湖-舵落口大市场西侧金鼎湾小区东门,--
汇通公路港,商铺,15500元/平,在售,东西湖-走马岭街107国道东、南十支沟南,--
中城时代二期,商铺,30000元/平,在售,黄陂-楚天大道特6号,--
金色港湾MIMI空间,商业类,15500元/平,在售,蔡甸-是开发区区域内新起的创新青年商业公寓综合体,建面 23m²
纽宾凯汉city国际社区,底商,35000元/平,在售,汉阳-四新北路纽宾凯汉city国际社区（墨水湖以南）,--
汇通新长江,写字楼,24000元/平,在售,洪山-徐东大街与和平路交汇处,--
金地天悦二期,住宅,23000元/平,在售,东湖高新-雄楚大道金地天悦,建面 95~168m²
文一云水湾,住宅,10800元/平,在售,东西湖-临空港大道与朝阳路交汇处（乾丰元酒店旁）,建面 140m²
绿地国际金融城二期,底商,80000元/平,在售,武昌-和平大道840号,--
丽红广场,商铺,7500元/平,在售,青山-丽红超市,--
光谷创新天地,写字楼,9000元/平,在售,东湖高新-光谷科技港旁,--
港湾江城二期,住宅,13500元/平,在售,蔡甸-经济开发区万家湖中路以东沌口路以南,建面 107~130m²
名流人和天地二期,商铺,22000元/平,在售,黄陂-盘龙城经济开发区巨龙大道88号（中百超市附近）,建面 75~310m²
复地悦城,底商,30000元/平,在售,洪山-烽胜路复地悦城（白沙洲大道与烽胜路交汇处烽胜路复地悦城站旁）,--
歌林花园三期林语境,底商,28000元/平,在售,黄陂-盘龙城经济开发区巨龙大道（管委会地铁站出口）,--
钰龙湾,商铺,30000元/平,在售,汉阳-墨水湖北路汉桥路钰龙湾（汉阳民政局旁）,--
世茂锦绣长江六期,商铺,30000元/平,在售,汉阳-世茂锦绣长江六期,建面 79~519m²
中建南湖壹号,底商,35000元/平,在售,洪山-丽岛花园旁,--
融侨城,底商,40000元/平,在售,武昌-和平大道铁机路,建面 97~178m²
中部慧谷,写字楼,9500元/平,在售,东西湖-环湖路57号（奥林匹克花园旁）,--
武汉中央文化区学立方,写字楼,23000元/平,在售,洪山-武昌区中北路171号,--
中国铁建1818中心,写字楼,28000元/平,在售,武昌-武汉市武昌区中北路109号,--
创意天地写字楼,写字楼,13000元/平,在售,洪山-武昌区,--
光谷万科中心,写字楼,20000元/平,在售,东湖高新-东湖高新区雄楚大道1008号,--
新世界中心,写字楼,26000元/平,在售,硚口-江汉区解放大道634号(航空路口立交桥南侧),--
高雄88号,写字楼,21000元/平,在售,江岸-高雄路特1号,--
浙商国际大厦商业广场,写字楼,24800元/平,在售,江岸-江岸区建设大道738号,--
国际企业峰汇,写字楼,8000元/平,在售,硚口-硚口区南泥湾大道63号,--
武汉深鸿润国际文化科技城,写字楼,6300元/平,在售,蔡甸-武汉市凤凰山经济开发区五贤北路二号,--
广电兰亭荣荟,写字楼,13000元/平,在售,硚口-古田四路（硚口区法院旁）(轨道交通轻轨1号线古田四路站下),--
沃德中心,写字楼,15400元/平,在售,东湖高新-东湖高新技术开发区高新大道780号（十五冶办公楼西边，东湖开发区管委会斜对面）,--
葛洲坝太阳城,写字楼,4000元/平,在售,东湖高新-高新四路与佛祖岭二路交汇处,--
光谷汇金中心,写字楼,13000元/平,在售,东湖高新-东湖高新区金融港四路18号（光谷金融港对面）,--
光谷动力节能环保产业园,写字楼,5800元/平,在售,东湖高新-东湖高新区光谷大道308号,--
中国铁建国际城,底商,30000元/平,在售,汉阳-玉龙路168号,--
金雅大厦,写字楼,12500元/平,在售,江汉-江汉区新湾一路与常青三路交汇处（武汉市中级法院旁）,--
海马公园,写字楼,18500元/平,在售,江汉-青年路海马公园(青年路与后襄河北路交汇处市博物馆与后襄河公园边）,--
武汉天街,写字楼,18000元/平,在售,江汉-金家墩特1号（青年路市博物馆正对面）,--
美好名流汇,底商,35000元/平,在售,硚口-古田二路解放大道辛家地（中百仓储旁）,--
万科金域时代,住宅,33000元/平,在售,江汉-香港路与台北路交汇处（3号线菱角湖站C出口）,建面 72~105m²
金珠港湾,住宅,17000元/平,在售,东西湖-金银湖南街特8号,建面 121~196m²
当代万国城MOMΛ,住宅,15500元/平,在售,汉阳-汉阳区汉阳大道地铁4号线孟家铺站北侧 [王家湾商圈],建面 119m²
健龙果岭公元二期,商业类,9500元/平,在售,蔡甸-东风大道与车城大道交汇处（沌阳大道站旁）,建面 46~55m²
欧亚达云台,住宅,9600元/平,在售,东西湖-东西湖大道和十全路交叉路口（东西湖区公路运输管理所旁）,建面 139m²
联投中心,住宅,31500元/平,在售,武昌-临江大道387号,--
百步亭现代城三区,底商,22000元/平,在售,江岸-江岸区百步亭花园路6号(汉口银行百步亭支行旁),--
恒大城,商业类,12000元/平,在售,东西湖-环湖路43号,建面 51~94m²
名流世家,底商,26500元/平,在售,江岸-业路与百步亭路交汇处（622路百步亭兴业路口站）,--
开来都市丰景,底商,28000元/平,在售,汉阳-芳草路与四新南路的交汇处(距离汉阳主干道龙阳大道仅1000米),--
绿地国际金融城,商业类,36000元/平,在售,武昌-和平大道750号,建面 53~111m²
蓝色星城,商铺,15000元/平,在售,黄陂-盘龙城开发区盘龙湖以北，川龙大道与横店大道交汇处,--
武汉碧桂园天玺湾,住宅,14000元/平,在售,东湖高新-江夏区江夏大道明泽路（汤逊湖畔）,建面 193m²
西寺学府,商业类,6000元/平,在售,黄陂-前川街道西寺大道,建面 45m²
绿地国博财富中心,商铺,37500元/平,在售,汉阳-鹦鹉大道与四新北路交汇处,建面 30~280m²
立方时空,商业类,15500元/平,在售,东西湖-东西湖大道与三秀路交汇处（1号线汉五环大道站约400米处）,建面 42m²
金地澜菲溪岸,商铺,30000元/平,在售,汉阳-汉阳区四新国际都会新城,--
隆汇国贸中心,商铺,30000元/平,在售,黄陂-武汉市黄陂区双凤大道与百锦街交汇处,建面 13~60m²
佳兆业金域天下二期,底商,17000元/平,在售,洪山-白沙洲新城烽胜路36号,--
F学府,底商,13000元/平,在售,黄陂-武汉市黄陂盘龙城经济开发区黄陂一中盘龙校区正对面,--
瑞云公馆,商业类,23200元/平,在售,江岸-金桥大道与正义路交汇处（正义路江岸区法院站）,建面 39~57m²
F绿岛,商铺,20000元/平,在售,黄陂-武汉市黄陂区盘龙城百联奥特莱斯广场正对面,建面 67~120m²
当代·中锐万国府ΜΟΜΛ,住宅,31000元/平,在售,江汉-常青路与振兴路交汇处（居然之家斜对面）,建面 177m²
碧桂园全景外滩,住宅,9200元/平,在售,黄陂-滠水公园旁（冰晶江城旁）,建面 93m²
联发九都府,底商,36000元/平,在售,硚口-解放大道与古田四路交汇处（轻轨古田四路站口）,--
越秀星悦峯,商业类,33000元/平,在售,武昌-中北路与秦园东路交汇处（4号线东亭站D出口约20米）,建面 54~82m²
绿地铂瑞公馆,商业类,38000元/平,在售,洪山-和平大道750号（原武昌车辆厂）,建面 72~192m²
世茂龙湾五期,别墅,450万/套,在售,蔡甸-蔡甸区知音湖大道特8号,建面 251m²
大学城金街,商铺,18000元/平,在售,汉南-马影河大道南侧,--
陌陌屋三元中央公园,底商,38000元/平,在售,江岸-后湖大道66号,--
保和墨水湾,别墅,价格待定,在售,汉阳-汉阳区江堤中路与江欣苑路交汇处,建面 190~198m²
创客广场,商业类,20000元/平,在售,东湖高新-雄楚大道958号,建面 31m²
福星华府誉境,住宅,15200元/平,在售,江汉-武汉市江汉区姑嫂树路与新湾路交汇处,建面 122m²
奥山光谷世纪城,写字楼,15500元/平,在售,东湖高新-东湖高新区高新大道与驿山南路交汇处（湖北科技新馆展示中心旁）,--
衡山公馆,别墅,480万/套,在售,黄陂-横山小路（第一医院盘龙城分院康复中心对面）,建面 258m²
东湖国贸中心,写字楼,价格待定,待售,洪山-地铁4号线岳家嘴站D出口,--
泛海国际兰海园三期碧海园,住宅,价格待定,待售,江汉-武汉中央商务区淮海路中段（地铁范湖站附近）,--
尚都一品尚邸,别墅,850万/套,在售,江岸-后湖大道体育西路（塔子湖体育中心旁）,建面 253m²
泰合四千院,别墅,4000万/套,在售,黄陂-木兰湖风景区牌楼街与演武街交汇处西200米（木兰湖码头左侧）,建面 1119m²
中国光谷伊托邦,底商,价格待定,待售,江夏-五里界锦绣大道1号（五里界大道和伊托邦大道交汇处）,--
天宇盛世滨江,底商,300万/套,在售,硚口-硚口汉西一路、沿河大道、崔家墩路交汇处,--
实地君兰汀岸,别墅,245万/套,在售,蔡甸-武汉市经济技术开发区四环线与汉洪高速交汇处,建面 135m²
碧桂园蜜柚,商业类,价格待定,待售,江岸-友谊大道与金桥大道交汇处（地铁3号线市民之家旁）,--
悦达新天地,住宅,价格待定,售罄,青山-友谊大道与工业三路交汇处,建面 87~130m²
七星富利天城,住宅,9000元/平,售罄,青山-建设十路与红钢二街交汇处,建面 76~138m²
华虹领航城,商业类,12000元/平,售罄,黄陂-黄陂盘龙城巨龙大道特1号（盘龙汽车城对面）,建面 42m²
汉口新城公园世家,商业类,11000元/平,售罄,江岸-堤角公园旁,--
保利时代,商业类,23500元/平,售罄,东湖高新-新竹路与关山大道交汇处,建面 76~118m²
盘龙理想世家,住宅,价格待定,售罄,黄陂-巨龙大道52号,建面 88~113m²
爱家名校华城,住宅,价格待定,售罄,洪山-白沙洲大道5号（武汉交通职业学院对面）,建面 87m²
花样年幸福万象,商业类,45万/套,售罄,洪山-地铁4号线仁和路站D出口,建面 44~68m²
华润翡翠城,住宅,价格待定,售罄,硚口-古田二路华润翡翠城,--
联投金色港湾铂睿,住宅,价格待定,售罄,蔡甸-博学路6号(江大5号门斜对面),--
万科金色城市,商业类,价格待定,售罄,洪山-白沙五路1号（武昌南·三环内·白沙高架旁）,建面 41m²
保利城SOHO中心,商业类,价格待定,售罄,武昌-团结大道与铁机路交汇处（爱家国际华城对面）,建面 43m²
联投金色港湾剑桥郡,住宅,价格待定,售罄,蔡甸-博学路6号（江大5号门对面）,--
万科汉口传奇悦庭,住宅,价格待定,售罄,江汉-湖北省武汉市江汉区新华路与发展大道交汇处,--
王家湾中央生活区,住宅,价格待定,售罄,汉阳-王家湾（武汉老交管局西侧）,建面 106~109m²
当代东湖壹号,住宅,价格待定,售罄,武昌-中北路148号（省博物馆对面）,建面 163m²
星光银河湾,住宅,价格待定,售罄,蔡甸-蔡甸东风大道奓山路停车场,建面 95m²
龙阳建材家居城,商业类,价格待定,售罄,蔡甸-龙阳大道与芳草一路交汇处,建面 130~228m²
中南SOHO城,商业类,价格待定,售罄,洪山-丁字桥路文安街交叉口,--
光谷汇景,住宅,价格待定,售罄,东湖高新-雄楚大道与珞新路交汇处（距枫林上城站约500米）,建面 59~63m²
时代新世界,住宅,价格待定,售罄,硚口-建设大道地铁3号线双墩站,--
汉阳人信汇四期天誉,住宅,价格待定,售罄,汉阳-王家湾摩尔城旁（龙阳湖东路邱家小湾车站旁）,--
F天下,别墅,价格待定,售罄,黄陂-巨龙大道196号,--
华茂小米公寓,商业类,价格待定,售罄,蔡甸-沌口路与江城大道交汇处,--
绿地香树花城,住宅,价格待定,售罄,青山-青山公园前和平大道与建设11路交汇处,建面 95~133m²
中博南湖康城,住宅,价格待定,售罄,洪山-东湖高新雄楚大道楚平路28号,建面 64m²
融园国际,商业类,价格待定,售罄,东西湖-五环大道416号,--
东城明珠,住宅,价格待定,售罄,新洲-阳逻街平江东路以北,建面 65~130m²
永丰清华园,住宅,价格待定,售罄,汉南-兴城大道与月亮湾路交汇处,建面 121~134m²
藏龙SOHO,商业类,价格待定,售罄,东湖高新-栗庙路与环岛路交汇处（湖北美院对面）,--
欣隆壹号公馆,商业类,价格待定,售罄,汉阳-江城大道与四新大道交汇处以北,建面 43m²
盘龙理想城,住宅,价格待定,售罄,黄陂-巨龙大道56号,建面 109~123m²
蓝光林肯公园,住宅,价格待定,售罄,硚口-古田二路与长宜路交汇处以西800米（园博园西门附近约1公里）,--
港湾江城,住宅,52万/套,售罄,蔡甸-万家湖中路以东沌口路以南（沌口路和万家湖中路交汇处）,建面 80~129m²
新澳城市印象,住宅,价格待定,售罄,新洲-汉施公路与余泊路交汇处,建面 45m²
香水湾,住宅,价格待定,售罄,洪山-白沙洲武汉科技大学正对面（白沙洲大道旁）,--
杰翔运铎嘉园,住宅,价格待定,售罄,蔡甸-汉阳大街龚家岭公交站旁,--
君奕国际公馆,住宅,价格待定,售罄,硚口-古田四路284号,建面 52~84m²
盛景天地公馆,住宅,价格待定,售罄,江岸-竹叶山转盘旁发展大道525号（中胜国际旁）,建面 86m²
武汉恒大龙城御湖湾,住宅,价格待定,售罄,黄陂-巨龙大道与兴龙路交汇处（佳海工业园附近）,--
福星惠誉红桥城,商业类,价格待定,售罄,江岸-解放大道福星惠誉红桥城（轻轨新荣站旁）,建面 57m²
金地雄楚寓,商业类,价格待定,售罄,东湖高新-雄楚大街888号,--
万丰丰泽园,住宅,价格待定,售罄,东西湖-东西湖马池北路与环湖路中路交汇处（常青花园西侧）,--
光谷新界,商业类,价格待定,售罄,东湖高新-高新大道888号（高新大道与光谷七路交汇处）,--
长投绿城蘭园,住宅,价格待定,售罄,东湖高新-藏龙岛栗庙路12号,建面 90~124m²
绿地中央广场三期,别墅,420万/套,售罄,汉阳-江城大道绿地中央广场,建面 194m²
幸福湾二期,住宅,价格待定,售罄,江岸-解放大道与堤边路交汇处(轻轨1号线滕子岗站),建面 96~158m²
九坤新城壹号御府,住宅,价格待定,售罄,东西湖-东西湖区临空港大道与三店西路交汇处（莲花湖小区旁）,--
阳逻财富广场,商业类,价格待定,售罄,新洲-阳逻江北快速路与风情大道交汇处,建面 46~59m²
中国铁建国际花园,住宅,78万/套,售罄,汉阳-琴台大道中国铁建国际花园（琴台大道与阳城西路交汇处江汉六桥旁）,--
金桥庭院,住宅,价格待定,售罄,江岸-金桥大道与和谐大道交汇处（武汉市民之家旁）,--
恒大翡翠华庭,住宅,价格待定,售罄,汉阳-汉阳四新南路与连通港西路交汇处,建面 117m²
光谷188国际社区,住宅,价格待定,售罄,东湖高新-光谷高科技园路与神墩二路交汇处（光谷六路站旁）,建面 115~135m²
中城悦城,住宅,价格待定,售罄,江汉-发展大道与振兴三路交汇处,--
ICC汉阳国际公寓,商业类,价格待定,售罄,蔡甸-龙阳大道与芳草一路交汇处（汉阳客运中心对面，地铁站西出口）,--
东庭郡园,住宅,价格待定,售罄,汉南-安康医院旁,--
瀚华天地,商业类,价格待定,售罄,新洲-新洲阳逻经济开发区管委会对面余泊路南,--
金地艺境,别墅,价格待定,售罄,东湖高新-高新四路与康魅路交汇处,--
中建御景星城,住宅,价格待定,售罄,硚口-解放大道轻轨1号线太平洋站B出口，3号线双墩站下,--
汇博苑,住宅,价格待定,售罄,东湖高新-东湖高新 区喻家湖路5号（光谷华中科技大学旁）,建面 337m²
世茂林屿岸,别墅,价格待定,售罄,洪山-文化大道332号,建面 163~187m²
金地澜菲溪岸三期,别墅,1800万/套,售罄,汉阳-江城大道与三环线交汇处,--
新地东方广场,商业类,价格待定,售罄,江岸-江岸区兴业路与后湖五路交汇处,建面 45m²
龙阳时代,商业类,价格待定,售罄,汉阳-龙阳大道49号（地铁3号线蔡家湾站附近）,建面 84m²
观澜天地,商业类,价格待定,售罄,洪山-武金堤路公交场站,--
CBD楚世家,住宅,价格待定,售罄,江汉-武汉中央商务区建设大道181号(海军工程大学对面),--
住开盛世长江,住宅,价格待定,售罄,新洲-阳逻街办事处正对面,--
摩根空间,商业类,价格待定,售罄,蔡甸-吉祥国际站,--
金地京汉1903,住宅,价格待定,售罄,江岸-京汉大道853号,建面 190~250m²
万达御湖世家,住宅,价格待定,售罄,洪山-中北路与东沙大道交汇处,建面 305m²
新亚花园,住宅,价格待定,售罄,新洲-军安路与新龙街交汇处（军安路派出所旁）,建面 100~103m²
二七国际,商业类,价格待定,售罄,江岸-二七路与建设大道交汇处,--
汇悦天地二期,住宅,价格待定,售罄,江岸-塔子湖东路和健康街交汇处（市民之家旁）,建面 84~88m²
王家湾中央生活区中央之星,商业类,价格待定,售罄,汉阳-王家湾（交管所西侧）,--
世茂龙湾四期,别墅,1178万/套,售罄,蔡甸-知音湖大道特1号,--
汉口北创客公馆,商业类,价格待定,售罄,黄陂-电商大厦隔壁,--
旭辉御墅,别墅,价格待定,售罄,东湖高新-高新四路与光谷一路交汇处（联想产业园对面）,建面 128~156m²
天祥尚府博墅,别墅,价格待定,售罄,东湖高新-民族大道与庙山中路交汇处以西1公里（湿地公园旁）,建面 165m²
玉金山墅,别墅,价格待定,售罄,蔡甸-武汉市蔡甸区索河镇金龙水寨,建面 260m²
沿海国际中心,商业类,价格待定,售罄,东西湖-金山大道与赛洛城南路交汇处,建面 42m²
学府鑫苑,商业类,价格待定,售罄,洪山-珞狮路3号（地铁2号线街道口站附近）,建面 55~74m²
佳兆业滨江壹号,商业类,价格待定,售罄,汉阳-琴台大道郭家湾车站附近,--
福星惠誉榜YOUNG,商业类,价格待定,售罄,江岸-后湖大道新生活摩尔城向东100米,--
裕亚银湖城二期,住宅,价格待定,售罄,硚口-金银湖路金盛家居旁（中百仓储附近）,--
武汉半山逸品,住宅,价格待定,售罄,新洲-阳逻新阳大道东（中心医院对面）,--
宝安中国院子,别墅,918万/套,售罄,黄陂-黄陂区盘龙大道特8号（甲宝山附近）,--
巴黎春天,别墅,价格待定,售罄,洪山-街道口南文化大道旁,--
长投景城汉口年华,商业类,价格待定,售罄,江岸-后湖温馨路西侧,建面 38~40m²
新力琥珀园,住宅,价格待定,售罄,汉阳-梅子南三街与连通港西路交汇处,--
精英公馆,商业类,价格待定,售罄,黄陂-汉口北大道21号,建面 44~65m²
星光国际,商业类,价格待定,售罄,汉阳-江城大道与四新北路交汇处,--
招商公园1872,商业类,价格待定,售罄,汉阳-江城大道与墨水湖南湖交汇（墨水湖南岸）,--
广电兰亭珑府,别墅,1000万/套,售罄,汉阳-江堤中路10号（动物园旁）,建面 340~430m²
木兰水天,别墅,价格待定,售罄,黄陂-塔耳港镇丰天大道（七星岛酒店对面）,--
武汉天街创富时代,商业类,价格待定,售罄,江汉-新华路与发展大道交汇处（大武汉1911斜对面）,--
武久阳光城,商业类,价格待定,售罄,新洲-阳逻环湖路（柴泊湖广场对面）,--
碧桂园凰城,别墅,价格待定,售罄,汉南-伟业大道（汉洪高速汉南出口处）,建面 209m²
阳光100大湖第,别墅,价格待定,售罄,东湖高新-藏龙岛杨桥湖大道2号（华农楚天学院旁）,建面 400m²
加州橘郡,别墅,价格待定,售罄,东湖高新-江夏大道特77号（美加外校旁）,建面 259m²
怡华逸天地,商业类,价格待定,售罄,东西湖-三秀路与吴中路交汇处,建面 52m²
坐标城九台别墅,别墅,价格待定,售罄,东湖高新-关山大道与南湖大道交汇处,建面 270m²
中冶枫树湾,别墅,价格待定,售罄,蔡甸-后官湖大道与枫树四路交汇处（经济开发区四中附近）,--
枫桦雅苑,商业类,价格待定,售罄,新洲-新洲汉施公路以南、阳发路以东（阳逻山庄旁）,建面 59~106m²
美加史丹佛公馆,住宅,价格待定,售罄,东湖高新-武汉外校美加分校旁,建面 80~118m²
东建金海湾,住宅,价格待定,售罄,东西湖-东西湖吴家山金北一路原啤砖路（三店学校斜对面）,--
朗诗里程,住宅,价格待定,售罄,东湖高新-东湖高新高新大道光谷六路与神墩二路交汇处（中国十五冶旁）,--
碧桂园海昌天澜,住宅,价格待定,售罄,东西湖-金银潭大道96号,建面 91~145m²
平安光谷春天,住宅,价格待定,售罄,东湖高新-武汉大学人民医院旁,建面 79~134m²
东方城,住宅,价格待定,售罄,黄陂-汉施公路与巨龙大道交汇处（武湖政务中心前行300米）,--
当代安普顿小镇,住宅,价格待定,售罄,东湖高新-东湖高新汤逊湖北路与天际路交汇处,建面 85~188m²
清江山水,住宅,价格待定,售罄,东湖高新-光谷软件园二路10号,建面 86~158m²
金鑫国际,住宅,价格待定,售罄,东湖高新-东湖高新光谷大道19号（光谷大道与高新大道交汇处）,--
阳光上城,住宅,价格待定,售罄,洪山-南湖路与富安街交汇处,建面 58~124m²
唐蔡天下,住宅,价格待定,售罄,江汉-新华下路122号,--
翰林雅居二期玺园,住宅,价格待定,售罄,黄陂-黄陂巨龙大道和汉施公路交汇处（武湖正街高旁）,--
天祥尚府,住宅,价格待定,售罄,东湖高新-湿地公园旁,--
融科天域,住宅,价格待定,售罄,东湖高新-光谷创意大厦旁,建面 88~122m²
木兰国际广场,住宅,价格待定,售罄,黄陂-黄陂大道与双凤大道交汇处（木兰转盘旁）,--
东西湖中心广场,住宅,价格待定,售罄,东西湖-东西湖五环路与东吴大道交界处（北冰洋城市广场旁）,建面 95m²
西湖广场,住宅,价格待定,售罄,东西湖-武汉市东西湖区四明路与东吴大道交汇处,建面 97~131m²
鸿发世纪城,住宅,价格待定,售罄,江夏-世纪广场旁,建面 89~195m²
伊顿阳光,别墅,196万/套,售罄,东湖高新-阳光大道与梅南南街路交汇处,建面 245m²
汉南天地,住宅,价格待定,售罄,汉南-武汉市汉南区纱帽正街与滨河大道交汇处,--
江湾华庭,住宅,价格待定,售罄,汉南-汉南汉南大道（汉南兴城大道与和谐路交汇处）,--
东风阳光城黄馨苑,住宅,价格待定,售罄,蔡甸-经济开发区车城西路与观湖路交汇处（经开职业学校附近）,建面 87~169m²
MOMA焕城,住宅,价格待定,售罄,东湖高新-奥体中心旁,建面 79~125m²
江景湾,住宅,价格待定,售罄,汉南-汉南兴城大道与兴一路交汇处,--
爱佳798,住宅,价格待定,售罄,蔡甸-神龙大道与车城西路交汇处（江汉大学旁）,--
LAKE街区知音国际茶城,住宅,价格待定,售罄,汉阳-隆祥街与龙阳湖东路交汇处,建面 60~129m²
海滨城二期丽港新都,住宅,价格待定,售罄,蔡甸-武汉经济技术开发区后官湖大道海滨城路1号,--
誉天幸福海,住宅,价格待定,售罄,蔡甸-天鹅湖大道博艺路,--
海山幸福湾,住宅,价格待定,售罄,蔡甸-袁家台（新农三官村附近）,--
名流公馆,住宅,价格待定,售罄,汉阳-马鹦路特1号（马鹦路与马沧湖路交汇处),建面 78~139m²
长投海德公园,住宅,价格待定,售罄,江岸-塔子湖东路与健美街交汇处（塔子湖体育中心旁）,--
现代城四区,住宅,价格待定,售罄,江岸-百步亭花园路解放大道口,建面 82~90m²
天琴湾,住宅,价格待定,售罄,新洲-兴盛街和环湖路交汇处前行1000米,建面 80~152m²
丽岛2046,住宅,价格待定,售罄,洪山-省公安厅西侧,建面 39~102m²
青城阳光,住宅,价格待定,售罄,青山-和平大道与建设十一路交汇处,建面 77~112m²
蓝光COCO时代,住宅,价格待定,售罄,东湖高新-荷叶山路蓝光COCO时代(荷叶山社区对面),建面 76~89m²
中南国际城,住宅,价格待定,售罄,武昌-武珞路442号,建面 37~118m²
中御公馆,住宅,价格待定,售罄,硚口-解放大道与宝丰一路交汇处,建面 67~120m²
碧荷花园,住宅,价格待定,售罄,蔡甸-武汉市蔡甸城区汉马路31号,建面 87~127m²
美联时光里,住宅,价格待定,售罄,江汉-江岸姑嫂树路与兴业路交汇处（南国北都旁）,建面 60~126m²
中建福地星城,住宅,价格待定,售罄,洪山-珞狮南路268号,建面 78~136m²
知音首府三期,住宅,价格待定,售罄,蔡甸-蔡甸区汉阳大道红光站（京珠高速90米路东）,建面 87m²
海赋江城天韵,住宅,价格待定,售罄,江岸-兴业路海赋江城天韵（建设大道延长线与兴业路交汇处）,建面 35~224m²
大江鑫港龙城,住宅,价格待定,售罄,汉阳-永丰街琴断口社区琴台大道1101号（阳光石材城对面）,建面 90~133m²
长江御龙新城,住宅,价格待定,售罄,新洲-红岭村（经济开发区政府旁）,建面 136m²
金色港湾双湖泊岸,住宅,价格待定,售罄,汉阳-芳草路与北太子湖路交汇处,--
当代国际花园铂公馆,住宅,价格待定,售罄,东湖高新-东湖高新区光谷大道与三环线交汇处,建面 38~96m²
龙阳1号,住宅,价格待定,售罄,汉阳-芳草路38号,建面 84~188m²
华鼎丽都国际,住宅,价格待定,售罄,硚口-汉西三路华鼎丽都国际,建面 69~137m²
江南新天地,住宅,价格待定,售罄,江夏-华师汉口分校南行200米,--
尚湖熙园,住宅,价格待定,售罄,江岸-塔子湖东路与和谐大道交汇处（塔子湖南侧）,建面 85~135m²
爱特城,住宅,价格待定,售罄,江汉-青年路爱特城,建面 38~77m²
金桥普林斯顿,住宅,价格待定,售罄,蔡甸-博艺路金桥普林斯顿（临江汉大学）,建面 84~132m²
奥山世纪城CC尚品,住宅,价格待定,售罄,青山-青山二七大桥与和平大道交汇处（二七大桥南岸）,--
佳兆业金域天下三期,住宅,价格待定,售罄,洪山-白沙洲新城烽胜路36号（工商学院旁）,建面 86~133m²
万景橘苑,住宅,价格待定,售罄,江汉-阳光新苑小区旁边,建面 93~118m²
美景天城,住宅,价格待定,售罄,黄陂-黄陂盘龙城经济开发区巨龙大道48号,--
东合官湖郡,住宅,价格待定,售罄,蔡甸-沌口车城西路与后官湖大道交汇处（597公交终点站）,建面 85~90m²
华享雕墅,住宅,价格待定,售罄,江岸-江岸正义路12号江岸法院旁,建面 70~246m²
岭尚梦想,住宅,价格待定,售罄,江夏-武昌大道与金樱街交汇处,建面 75~115m²
龙源映象,住宅,价格待定,售罄,蔡甸-东风大道法国村（海天汽配城旁边）；王家湾大洋百货（外展场）,--
江尚怡品,住宅,价格待定,售罄,黄陂-巨龙大道和汉施公路交汇处,建面 86~104m²
新港天地,住宅,价格待定,售罄,新洲-武汉市新洲区新港阳逻开发区阳光大道557号,建面 41~100m²
现代城雲庭,住宅,价格待定,售罄,蔡甸-213终点站,--
中建龙城,住宅,价格待定,售罄,江夏-江夏大道与纸坊大道的交汇处,建面 124~219m²
中国铁建梧桐苑,住宅,价格待定,售罄,东湖高新-庙山中路以南，民族大道以西,建面 70~113m²
金地华公馆,住宅,价格待定,售罄,东湖高新-喻家湖路12号,建面 33~235m²
天下龙岭广场,住宅,价格待定,售罄,洪山-石牌岭小学对面,建面 31~113m²
中海琴台华府,住宅,价格待定,售罄,汉阳-月湖大道以南，龙灯堤路以西,建面 89~150m²
汉北立方城,住宅,价格待定,售罄,黄陂-武汉市武湖区发展路口,建面 35~75m²
纯水岸东湖天屿一期,住宅,价格待定,售罄,洪山-东湖生态旅游风景区欢乐大道166号（华侨城公交场站附近）,建面 78~87m²
保利上城,住宅,价格待定,售罄,洪山-江国路保利上城,--
东原湖光里,住宅,价格待定,售罄,江夏-青菱南路黄家湖大道东原湖光里,--
珩生领袖城,住宅,价格待定,售罄,黄陂-盘龙城管委会东侧,--
南国中心,住宅,价格待定,售罄,江汉-解放大道循礼门669号天安大酒店正对面,--
华润悦府,住宅,价格待定,售罄,汉阳-张之洞公园旁,建面 283m²
祥和世纪城,住宅,价格待定,售罄,新洲-紧邻人民广场、祥和集团对面,建面 95~159m²
中建东湖明珠,住宅,价格待定,售罄,东湖高新-中国地质大学珠宝学院旁,建面 90m²
阳光新港中央花园城,住宅,价格待定,售罄,新洲-近余泊南路,建面 79~113m²
楚天都市沁园,住宅,价格待定,售罄,江夏-黄家湖北岸楚天都市沁园,--
万科城花璟苑,住宅,价格待定,售罄,东湖高新-关山大道与关南园路路口东行200米，光谷六小旁,建面 75~143m²
瑞佳园,住宅,价格待定,售罄,黄陂-黄陂汉口北大道与横滠路交汇处,--
帝斯曼国际中心,住宅,价格待定,售罄,武昌-中南路与武珞路交汇处，武珞路傅家坡客运站旁,建面 89~129m²
欣隆湖滨半岛,住宅,价格待定,售罄,新洲-武汉阳逻街新施公路以南余泊路以东,建面 131~135m²
武汉万象城,住宅,价格待定,售罄,黄陂-黄陂前川街钓台道和百秀街交汇处（人民医院对面）,建面 91~127m²
鼎鑫摩卡小镇,住宅,价格待定,售罄,黄陂-露甲山路3号,--
万润橄榄城,住宅,价格待定,售罄,黄陂-巨龙大道与宋岗一路交汇处,--
珑璟轩,住宅,价格待定,售罄,黄陂-黄陂盘龙城巨龙大道217号,--
金湖天地,住宅,价格待定,售罄,东西湖-金银湖南一街18号,建面 90~93m²
凯德悦湖,住宅,价格待定,售罄,蔡甸-汉阳大道与知音湖大道交界处,--
九坤翰林苑,住宅,价格待定,售罄,蔡甸-蔡甸大街与文兴路交汇处,建面 69~138m²
中冶南方韵湖首府,住宅,价格待定,售罄,东湖高新-东湖高新民族大道与汤逊湖北路交汇处,--
黄陂春天,住宅,价格待定,售罄,黄陂-黄陂前川街向阳村（板桥大道西黄陂六中斜对面）,--
哈楼,住宅,价格待定,售罄,江岸-兴业路中段地铁3号线旁(育才怡康小学对面),建面 77~119m²
新长江香榭东沙,住宅,价格待定,售罄,洪山-武昌区公正路沙湖旁（螃蟹岬地铁C出口）,建面 103~231m²
金域广场,住宅,价格待定,售罄,东湖高新-武汉市东湖高新区鲁磨路399号（中国地质大学附近）,建面 40~79m²
名城8090,住宅,价格待定,售罄,江夏-武汉市江夏区大花岭大学城（武汉东湖学院对面）,建面 46~126m²
南德国际城,住宅,价格待定,售罄,黄陂-黄陂百泰路与百秀街交汇处（人民医院对面）,--
福星惠誉水岸国际澜桥公馆,住宅,价格待定,售罄,武昌-友谊大道隧道口,建面 82~227m²
观澜高尔夫公馆,住宅,价格待定,售罄,汉阳-东方高尔夫球场正对面,建面 75~128m²
绿地中央广场,住宅,价格待定,售罄,汉阳-江城大道与四新大道交汇处前行800米（三环线方向）,建面 130m²
武汉新航城,住宅,价格待定,售罄,黄陂-武汉市盘龙城川龙大道98号（川龙大道与横店大街交汇处）,建面 89~98m²
黎明新居,住宅,价格待定,售罄,洪山-武汉理工大学马房山校区旁,建面 81~134m²
塞纳河畔,住宅,价格待定,售罄,汉阳-琴台大道赫山站附近,建面 53~141m²
光明上海公馆,住宅,价格待定,售罄,江岸-塔子湖东路复员村站向东200米（梦湖香郡对面）,建面 78~139m²
观湖园一期,别墅,价格待定,售罄,蔡甸-武汉市蔡甸区后官湖知音大道北段（知音大道与大沌路交汇处）,--
新城璟悦城,住宅,价格待定,售罄,汉阳-四新南路与四新中路交汇处（方岛公园旁）,建面 89m²
观澜御苑,住宅,价格待定,售罄,汉阳-芳草路南太子湖畔,建面 126~163m²
武汉国博新城,住宅,价格待定,售罄,汉阳-四新国博大道与四新南路交汇处（6号线国博中心站旁）,--
汉江湾壹号,住宅,价格待定,售罄,硚口-武汉市硚口区解放大道与古田一路交汇处,--
武湖新天地,住宅,价格待定,售罄,黄陂-黄陂区武湖街武黄路,建面 80~135m²
名湖豪庭,住宅,价格待定,售罄,东湖高新-天际路名湖豪庭（天际路与庙山中路交汇处）,建面 77~131m²
龙苑澜岸,住宅,价格待定,售罄,东湖高新-江夏光谷栗庙路12号,建面 76~214m²
凤凰水岸公馆,住宅,价格待定,售罄,黄陂-黄陂盘龙城经济开发区黄陂一中盘龙城校区斜对面（黄陂一中旁,--
顺民宜盛花园,住宅,价格待定,售罄,东湖高新-黄龙山隧道旁,建面 85~119m²
金地雄楚一号,住宅,价格待定,售罄,东湖高新-武汉工程大学正对面,建面 36~132m²
顶琇西北湖,住宅,价格待定,售罄,江汉-西北湖路北段顶琇西北湖,建面 84~158m²
保利茉莉公馆,住宅,价格待定,售罄,东湖高新-东湖高新关山大道保利茉莉公馆,--
三金华都,住宅,价格待定,售罄,江汉-新华路738号,建面 94~147m²
九坤新城壹号,住宅,价格待定,售罄,东西湖-东西湖临空港大道与三店西路交汇处,建面 64~118m²
国际丽都,住宅,价格待定,售罄,东西湖-马池中路与环湖中路交汇处（武汉轻工大学以北）,建面 82~127m²
百瑞景中央生活区四期,住宅,价格待定,售罄,武昌-宝通寺路28号,建面 90~170m²
泛海国际竹海园,住宅,价格待定,售罄,江汉-中央商务区淮海路中段泛海国际竹海园,建面 93~102m²
桃花源,住宅,价格待定,售罄,东湖高新-神墩二路以南、高新二路以北,建面 128m²
走马岭1號,住宅,价格待定,售罄,东西湖-东西湖大道食品工业基地,建面 107~144m²
泛海国际松海园,住宅,价格待定,售罄,江汉-江汉中央商务区淮海路中段（红领巾学校旁）,建面 96~172m²
光谷麦郡,住宅,价格待定,售罄,东湖高新-紧邻武汉东湖高新产业园,建面 59~118m²
平江壹号,住宅,价格待定,售罄,新洲-汉施公路与平江大道交汇处（童院站）,--
东原晴天见,住宅,价格待定,售罄,洪山-南湖路与富安街交汇处（红旗生鲜市场旁）,建面 88~115m²
愿景城C区,住宅,价格待定,售罄,东西湖-金银潭大道常青一中旁（将军路街碧水大道南、姑李路东）,--
远洋世界剑桥郡,住宅,价格待定,售罄,东西湖-东西湖临空港大道868号(五环大道与径河路交界处),建面 82~112m²
旭辉御府,住宅,价格待定,售罄,东湖高新-高新四路与光谷一路交汇处,--
顶琇国际公馆,住宅,价格待定,售罄,江汉-红旗渠路中段顶琇国际公馆,建面 94m²
武东金桂园,住宅,价格待定,售罄,洪山-武东路武东公交车站旁，中百仓储斜对面,建面 86~129m²
南湖时尚城,住宅,价格待定,售罄,东湖高新-南湖大道茶山刘，中南财经政法大学正门口,建面 89~144m²
中城青年汇,商业类,价格待定,售罄,江岸-兴业路与解放大道交汇处,建面 57~83m²
万科汉口传奇,住宅,价格待定,售罄,江汉-新华路与发展大道交汇处（大武汉1911斜对面）,建面 79~142m²
中铁世纪金桥,住宅,价格待定,售罄,汉阳-地铁6号线国博中心站附近,建面 93~203m²
北大资源山水年华,住宅,价格待定,售罄,东湖高新-珊瑚北路与九峰二路交汇处（新能源研究院北侧）,--
青山1958,住宅,价格待定,售罄,青山-南干渠游园对面,建面 40~130m²
华天明珠紫阳府,住宅,价格待定,售罄,武昌-解放路与保安街交汇处，解放路解放桥站旁,--
电建地产盛世江城,住宅,价格待定,售罄,江汉-新湾路9号,--
国际百纳,住宅,价格待定,售罄,江岸-后湖大道与金桥大道交汇处,建面 70~141m²
万基国际广场,住宅,价格待定,售罄,黄陂-武汉市黄陂区木兰大道与钓台道交汇处,--
花样年花样城一期,住宅,价格待定,售罄,东西湖-张柏路径河以北花样年花样城（气象局旁）,建面 76~120m²
俪湖天地,住宅,价格待定,售罄,江夏-武汉长职学院旁,--
统建天成美景,住宅,价格待定,售罄,东湖高新-光谷一路与湖口一路交汇处,--
万龙中央公园,住宅,价格待定,售罄,蔡甸-蔡甸莲花湖大道与茂兴路大道交汇处,--
光谷自由城,住宅,价格待定,售罄,东湖高新-民族大道与水蓝路交汇处（城铁南湖东站旁）,建面 63~120m²
葛洲坝城市花园,住宅,价格待定,售罄,硚口-硚 口路158号,建面 86~120m²
保利蓝海郡,住宅,价格待定,售罄,洪山-楚康路南湖北路交汇处,建面 90~326m²
华鼎尚都国际,住宅,价格待定,售罄,硚口-武汉市硚口区汉西北路99号（汉西路下双墩公交站旁）,建面 58~113m²
天汇龙城,住宅,价格待定,售罄,黄陂-盘龙城巨龙大道90号（中百仓储旁）,建面 81~130m²
新澳蓝草坪,住宅,价格待定,售罄,汉阳-汉阳区龙阳大道龙阳村站（武汉烟厂对面）,建面 89~115m²
国创光谷上城,住宅,价格待定,售罄,东湖高新-东湖高新高新大道与教育中路交汇处（光谷九小旁）,--
辉阳凤凰城,住宅,价格待定,售罄,黄陂-武汉市黄陂区武湖汉施公路梅教路口处,--
星海虹城3期鸿玺公馆,住宅,价格待定,售罄,武昌-洪山广场西侧300米处，星海路特1号 （2号线小龟山站出口）,建面 41~139m²
金地格林东郡,住宅,价格待定,售罄,东湖高新-关山大道金地格林东郡(关山大道与纺织路路口西行100米),建面 75~151m²
恺得南湖国际,住宅,价格待定,售罄,洪山-珞狮南路与文治街交汇处,建面 31~140m²
一品国际,住宅,价格待定,售罄,黄陂-黄陂盘龙城巨龙大道下集村,建面 37~131m²
万科汉阳国际,住宅,价格待定,售罄,汉阳-康达街10号,建面 75~138m²
联投喻园,住宅,价格待定,售罄,东湖高新-喻家湖路16号（华科大东校区旁）,建面 109~149m²
福志雅筑,住宅,价格待定,售罄,江夏-江夏文化路与金樱街交汇处,--
兴宸深港国际,住宅,价格待定,售罄,新洲-武汉市新洲区阳逻街环湖路,建面 94~147m²
国龙鑫江莲郡,住宅,价格待定,售罄,蔡甸-武汉市蔡甸区新福路与五层街交汇处（蔡甸二小旁）,建面 64~131m²
汉口印象,住宅,价格待定,售罄,东西湖-武汉轻工大学北门,建面 56~104m²
宝业光谷丽都,住宅,价格待定,售罄,东湖高新-东湖高新区龙城路9号,--
裕亚银湖城一期,住宅,价格待定,售罄,东西湖-金银湖路金盛家居旁（中百仓储附近）,建面 81~141m²
泓悦府,住宅,价格待定,售罄,洪山-武汉理工大旁,建面 33~118m²
万科花山紫悦湾,住宅,价格待定,售罄,东湖高新-花城大道与梅城路交汇处（花山生态艺术馆旁）,--
福星惠誉国际城三期,住宅,价格待定,售罄,洪山-徐东大街与团结大道交汇处,建面 48~150m²
巢上城御墅,住宅,价格待定,售罄,黄陂-黄陂盘龙经济开发区盘龙大道25号,--
泊湖湾,住宅,价格待定,售罄,新洲-新洲区高新街与环湖路交汇处,建面 138m²
碧水云天,住宅,价格待定,售罄,新洲-武汉市新洲区军安路中份村,--
盘龙新天地,住宅,价格待定,售罄,黄陂-黄陂盘龙城经济开发区露甲山特1号（机场高速路以东）,建面 101~136m²
宝安汉水琴台,住宅,价格待定,售罄,汉阳-赫山路宝安汉水琴台,--
观澜外校城,住宅,价格待定,售罄,汉阳-太子湖北路与芳草路交汇处，芳草路观澜外校城站旁,建面 130m²
保利海上五月花一期,住宅,价格待定,售罄,东湖高新-华一寄宿学校旁,建面 77~102m²
花样年花郡,住宅,价格待定,售罄,洪山-仁和路138号,建面 90~134m²
泛海国际兰海园,住宅,价格待定,售罄,江汉-中央商务区淮海路中段泛海国际兰海园,建面 280m²
藏龙倚湖逸墅,别墅,价格待定,售罄,东湖高新-武汉市江夏区藏龙岛栗庙路9号(藏龙高尔夫俱乐部旁),建面 260~337m²
楚天都市雅园,住宅,价格待定,售罄,武昌-水果湖街中北路230号(地铁4号线东亭站往岳家嘴方向前行200米）,建面 71~133m²
观澜国际,住宅,价格待定,售罄,汉阳-江城大道与四新北路交汇处,建面 43~60m²
福星华府,住宅,价格待定,售罄,江汉-姑嫂树路与新湾路交汇处,--
福星惠誉东湖城,住宅,价格待定,售罄,洪山-东湖畔欢乐大道与园林路交汇处,--
名士华府,住宅,价格待定,售罄,汉阳-龙阳大道与康达街交汇处,--
V7星公馆,住宅,价格待定,售罄,洪山-岳家嘴地铁站D出口,建面 48~75m²
彩虹郡,住宅,价格待定,售罄,江夏-白沙洲新城青菱南路88号,建面 87~129m²
瑞和华府,住宅,价格待定,售罄,东湖高新-栗庙路栗庙新村,--
东方新天地,住宅,价格待定,售罄,新洲-平江东路特8号,--
新世界常青花园雁溪山,住宅,价格待定,售罄,东西湖-常青花园6号小区,建面 75~96m²
武汉天地云廷五期,住宅,价格待定,售罄,江岸-江岸永泰路2号,建面 217~511m²
柴林尚城,住宅,价格待定,售罄,洪山-柴林花园车站旁,建面 95~119m²
驿山高尔夫,别墅,价格待定,售罄,东湖高新-高新大道789号,--
月湖琴声,住宅,价格待定,售罄,汉阳-龙灯路月湖琴声（知音大道与龙灯路交汇处）,--
中建开元公馆,住宅,价格待定,售罄,青山-武汉市青山区建设二路(武商建二商场旁),建面 89~138m²
保利城,住宅,价格待定,售罄,武昌-团结大道铁机路保利城,建面 77~264m²
佳锦花园,住宅,价格待定,售罄,汉南-汉南纱帽街纱河南路（原城关小学，沙河南路与人武路交汇附近）,--
光谷地产梅花坞,住宅,价格待定,售罄,东湖高新-锦绣龙城旁,--
中民仁寿里,住宅,价格待定,售罄,硚口-武汉市硚口区汉西路汉西巷（汉西巷公交车站旁）,--
东湖御院,住宅,价格待定,售罄,洪山-杨家湾地铁站C出口,建面 52~500m²
硚房翰林珑城,住宅,价格待定,售罄,硚口-解放大道725号（海军工程大学旁、26中旁）,建面 81~128m²
联投花山郡别墅,别墅,价格待定,售罄,东湖高新-花山生态新城花城大道1号,--
紫荆嘉苑,住宅,价格待定,售罄,汉阳-武汉市汉阳区汉阳大道与紫荆路交汇处向南50米,--
名流人和天地六期,住宅,价格待定,售罄,黄陂-盘龙城经济开发区巨龙大道88号（中百超市附近）,--
越秀星汇君泊,住宅,价格待定,售罄,江岸-塔子湖东路与健美路交汇处（塔子湖体育中心旁）,建面 55~139m²
汪集商业步行街,住宅,价格待定,售罄,新洲-汪集街政府办事处旁（汉施公路东侧、华商超市西边）,建面 89~120m²
汉街壹号公馆,住宅,价格待定,售罄,洪山-中北路与东沙大道交汇处,建面 240m²
百瑞景中央生活区五期东区,住宅,价格待定,售罄,武昌-中南亚贸旁，宝通寺路与瑞景路交汇处,建面 81~121m²
银湖水榭三期,住宅,价格待定,售罄,东西湖-马池路与环湖路交汇处（金银湖中学旁）,--
楚夏花园懒公馆,住宅,价格待定,售罄,江夏-武昌大道与金樱街交汇处（华师汉口学院西面）,--
宜化星都汇,住宅,价格待定,售罄,江夏-江夏文化大道西侧（大桥新区办事处西北侧）,--
万科金域蓝湾,住宅,价格待定,售罄,蔡甸-三角湖路与博学路交汇处（江汉大学旁）,建面 148~192m²
黄陂广场,住宅,价格待定,售罄,黄陂-黄陂区政府对面,--
葛洲坝华庄,住宅,价格待定,售罄,东湖高新-珞瑜东路葛洲坝华庄,建面 80~140m²
越秀星汇云锦,住宅,价格待定,售罄,硚口-中山大道1号,--
香域华府,住宅,价格待定,售罄,黄陂-百秀街与百泰路交汇处（黄陂区妇幼保健院旁）,--
高鑫名居,住宅,价格待定,售罄,江夏-中国地质大学江城学院对面,--
沿海翡丽公馆三期,住宅,价格待定,售罄,东西湖-金山大道与赛洛城南路交汇处（沿海赛洛城入口处）,--
卧龙丽景湾三期,住宅,价格待定,售罄,东西湖-东西湖金南一路5号,建面 85~239m²
鸿发翰林府,住宅,价格待定,售罄,江夏-文化大道与星光大道交汇处往星光大道800米,建面 84~129m²
汉阳满庭春MOMA,住宅,价格待定,售罄,蔡甸-轨道交通3号线枫树五路站附近,建面 79~111m²
武昌府A区,住宅,价格待定,售罄,洪山-文治街与文昌路交汇处,建面 81~176m²
金岛御璟世家,住宅,价格待定,售罄,江岸-武汉大道与建设大道交汇处东北侧,建面 80~133m²
江滩花园,住宅,价格待定,售罄,蔡甸-蔡河街与五层街交汇处（江滩公园正对面）,--
永辉茗筑,住宅,价格待定,售罄,蔡甸-文昌街与影讯里交汇处（莲花湖畔）,--
绿地汉口中心,住宅,价格待定,售罄,江岸-金桥大道与华泰路交汇处（武汉市民之家南门）,建面 94~140m²
长江楚韵,住宅,价格待定,售罄,蔡甸-沌口路中营寺（武桥重工对面）,--
联投龙湾一期,住宅,价格待定,售罄,江夏-文化大道联投龙湾一期（珞狮南路延长线文化大道武汉东湖学院旁）,建面 58~166m²
紫阳楚世家,住宅,价格待定,售罄,汉南-纱帽正街与兴城大道交汇处向西900米,--
福晟滨江国际,住宅,价格待定,售罄,蔡甸-茂林路9号,--
知音半岛,住宅,价格待定,售罄,蔡甸-知音湖南岸后官湖北岸（人信千年美丽营销中心对面）,--
广电兰亭时代,住宅,价格待定,售罄,汉阳-四新南路广电兰亭时代(四新新城江城大道与四新南路交汇处东本二厂对面）,--
航天兴隆国际,住宅,价格待定,售罄,东西湖-环湖路与马池路交汇处,建面 87~124m²
御才名仕,住宅,价格待定,售罄,江岸-惠济一路（育才二小正对面）,建面 77~121m²
和昌森林湖,住宅,价格待定,售罄,汉阳-芳草路与汉新大道交汇处,建面 84~176m²
健龙果岭公元,住宅,价格待定,售罄,蔡甸-东风大道与车城大道交汇处（沌阳大道站旁）,--
御景华府,住宅,价格待定,售罄,汉南-兴城大道与兴一路交汇处（汉南育才中学旁）,--
富丽金澜湾,住宅,价格待定,售罄,江夏-文化大道金龙大道腾讯华中总部旁纺织大学对面,--
依山龙郡,住宅,价格待定,售罄,蔡甸-成功大道与茂兴路交汇处（蔡甸区幼儿园对面）,--
御华庭园,住宅,价格待定,售罄,江夏-纸坊大街1149号（老交通局对面）,--
万科嘉园光谷的光,住宅,价格待定,售罄,东湖高新-光谷一路与荷叶山路交汇处,建面 84~104m²
德成中心,写字楼,价格待定,售罄,武昌-武昌区中北路车家岭,建面 107~215m²
福星惠誉东澜岸,住宅,价格待定,售罄,洪山-洪山黄家湖大学城（武汉科技大学旁）,建面 37~193m²
穿越伍仟城国际文化创意园,写字楼,价格待定,售罄,洪山-白沙洲三环线旁南郊路以东青菱湖旁边（洪山区南郊路8号）,建面 192~2055m²
观澜太子湖,住宅,价格待定,售罄,汉阳-东风大道法国街对面,建面 90~124m²
现代光谷世贸中心,写字楼,价格待定,售罄,东湖高新-东湖高新光谷大道与关南园路交汇处（精伦电子正对面）,--
怡景江南,住宅,价格待定,售罄,东湖高新-华一寄宿学校斜对面,建面 90~127m²
丰尚御龙湾,住宅,价格待定,售罄,东西湖-吴家山金北一路和三店中路交汇处（熙龙湾项目营销中心）,建面 82~116m²
绿地美湖,别墅,价格待定,售罄,蔡甸-天鹅湖大道北知音湖畔,--
海林广场,住宅,价格待定,售罄,东西湖-东西湖田园大道1196号（东吴大道以南、三秀路以西）,建面 85~120m²
合融锦城二期合融桃源,住宅,价格待定,售罄,黄陂-黄陂前川双凤大桥黄陂七中旁,--
中国中华城,住宅,价格待定,售罄,江汉-建设大道与香港路交汇处（香港路华氏百货对面）,建面 36~176m²
城开二七城市广场,住宅,价格待定,售罄,江岸-解放大道与二七长江大桥交汇处,建面 81~137m²
汉北水晶城,住宅,价格待定,售罄,黄陂-汉口北大道与横滠路交汇处,--
世纪万通漫谷,住宅,价格待定,售罄,蔡甸-天鹅湖大道（千年美丽旁）,建面 82~109m²
惠风同庆花园蜜糖镇,住宅,价格待定,售罄,东湖高新-灵杰路与康魅路交汇处（长咀工业园旁）,--
听涛观海龙台,住宅,价格待定,售罄,蔡甸-后官湖大道与枫树一路交汇处（丝宝工业园）,--
阳光城十里新城,住宅,价格待定,售罄,汉阳-王家湾墨水湖北路与星火路交汇处（武汉卷烟厂旁）,建面 167m²
华润紫云府,住宅,价格待定,售罄,洪山-白沙洲大道白沙四路前行400米,建面 74~118m²
中南六十七号院,住宅,价格待定,售罄,洪山-紫阳东路67号,--
中胜国际,商业类,价格待定,售罄,江岸-二七路与二七侧路交叉口北侧（汉口医院附近）,建面 42m²
景天苑,住宅,价格待定,售罄,蔡甸-树藩大道与汉马路交汇处（汉阳一中附近）,建面 101~122m²
融科花满庭,住宅,价格待定,售罄,洪山-黄家湖大学城湖北中医药大学斜对面（白沙洲大道旁）,建面 75~160m²
东湖睿园,住宅,价格待定,售罄,洪山-武汉大道191号,建面 88~163m²
前川欣城,住宅,价格待定,售罄,黄陂-武汉市黄陂区前川大道463号,--
汉口城市广场四期,住宅,价格待定,售罄,江岸-后湖大道111号,建面 76~144m²
汉武国际城,住宅,价格待定,售罄,汉南-汉南经济开发区南二路,--
东光国际公寓,住宅,价格待定,售罄,东西湖-金山大道与三店中路交汇处,建面 33~50m²
保利清能西海岸,住宅,价格待定,售罄,东湖高新-华农楚天学院斜对面,建面 92~125m²
北辰优+国际青年互动特区,住宅,价格待定,售罄,东湖高新-省奥体中心旁,--
新华联青年城,住宅,价格待定,售罄,江夏-江夏大道71号,--
幸福湾一期,住宅,价格待定,售罄,江岸-堤边路幸福湾(解放大道与堤边路交汇处),建面 94~157m²
新长江香榭湾,住宅,价格待定,售罄,江夏-长江工程职业学院对面,--
晋合金桥世家,住宅,价格待定,售罄,江岸-武汉大道金桥段三金潭立交处（中环商贸城与吉祥谷交汇处）,建面 91~226m²
万锦公馆,住宅,价格待定,售罄,江岸-百步亭花园路与后湖南路交汇处,建面 81~132m²
天纵颐景康城,住宅,价格待定,售罄,黄陂-盘龙大道（恒达盘龙湾别墅旁）,--
泛海国际香海园,住宅,价格待定,售罄,江汉-江汉区中央商务区淮海路中段,建面 241~306m²
伊托邦麓山郡,别墅,价格待定,售罄,江夏-五里界大道和伊托邦大道交汇处,--
正阳大悦城,住宅,价格待定,售罄,蔡甸-汉阳一中正对面,--
西山林语,住宅,价格待定,售罄,蔡甸-恒大绿洲对面,建面 31~48m²
岭上府,住宅,价格待定,售罄,洪山-洪山区民政局旁,建面 88~116m²
华星融城,住宅,价格待定,售罄,东西湖-常青花园东入口,建面 44~128m²
海悦天地,住宅,价格待定,售罄,东湖高新-明泽街东段,建面 85~157m²
万科金域湖庭,住宅,价格待定,售罄,江岸-武汉市江岸区高雄路26号,建面 48~133m²
光谷金融港,写字楼,价格待定,售罄,东湖高新-东湖高新区光谷大道77号,--
光谷智慧园,写字楼,价格待定,售罄,东湖高新-武汉市东湖高新区光谷大道61号(近三环线）,--
名流仕家,住宅,价格待定,售罄,蔡甸-蔡甸莲花湖大道,--
葛洲坝卡尔顿庄园,别墅,价格待定,售罄,东湖高新-东湖高新珞喻东路马鞍山森林公园以南,建面 297m²
美联德玛假日,住宅,价格待定,售罄,东西湖-黄狮海东路与啤砖路交汇处,建面 83~124m²
新长江香榭澜溪,住宅,价格待定,售罄,汉南-汉南区兴城大道与汉南大道交汇处（薇湖旁）,建面 91~108m²
橡树湾三期,住宅,价格待定,售罄,武昌-长江江畔杨园段（原国棉二厂),建面 65~182m²
清江泓景,住宅,价格待定,售罄,江夏-江夏文化大道32号,建面 78~139m²
时代映象,住宅,价格待定,售罄,汉阳-十升二路18号（地铁3号线龙阳村站旁）,建面 58~104m²
龙城尚品,住宅,价格待定,售罄,黄陂-黄陂巨龙大道盘龙一中西侧,--
金湖湾,住宅,价格待定,售罄,东西湖-东西湖区环湖西路,建面 89~180m²
沁园首府,住宅,价格待定,售罄,蔡甸-蔡甸区莲花大道与茂盛路交汇处,建面 90~138m²
百瑞景御院,别墅,价格待定,售罄,武昌-中南亚贸旁，宝通寺路以东瑞景路以北,--
国创青云,住宅,价格待定,售罄,蔡甸-天鹅湖大道（南湖社区旁）,建面 83~141m²
汉水阳湾,住宅,价格待定,售罄,蔡甸-蔡甸广场工农路与博奇路交汇处,建面 85m²
保利拉菲堂皇,别墅,价格待定,售罄,洪山-雄楚大道,--
光谷one39,商业类,价格待定,售罄,东湖高新-光谷大道与雄楚大道交汇处（保利茉莉公馆旁）,建面 41~62m²
丝宝第三街,住宅,价格待定,售罄,蔡甸-后官湖大道与枫树一路交汇处,建面 73~92m²
福星惠誉水岸国际澜桥公馆二期,住宅,价格待定,售罄,武昌-友谊大道隧道口（友谊大道余家湖站旁）,--
汇悦天地,住宅,价格待定,售罄,江岸-后湖华岭路与健康街交汇处（武汉市民之家旁）,建面 104~164m²
融侨悦府,住宅,价格待定,售罄,武昌-友谊大道与二环线交汇处（柴林花园站旁）,建面 50~140m²
融创公园壹号,住宅,价格待定,售罄,江岸-后湖大道与塔子湖东路交叉口（塔子湖体育中心旁）,建面 77~144m²
葛洲坝南大天地,商铺,价格待定,售罄,硚口-硚口路158号,--
亿达云山湖,住宅,价格待定,售罄,东湖高新-花城大道9号(软件新城公交站旁),--
紫沙金苑,住宅,价格待定,售罄,武昌-紫沙路与小龟山路交汇处,建面 83~119m²
万科汉口传奇唐樾,住宅,价格待定,售罄,江汉-新华路与发展大道交汇处（大武汉1911斜对面）,--
紫菘中南特区,住宅,价格待定,售罄,武昌-丁字桥与文安街交汇处，锦江之星酒店对面,建面 45~64m²
武汉恒大首府三期,住宅,价格待定,售罄,武昌-和平大道三角路（长江隧道入口处）,建面 140m²
美林青城三期林与堂,住宅,价格待定,售罄,武昌-杨园南路和徐东二路交汇处（武昌实验寄宿小学美林校区旁）,建面 58~121m²
南国明珠四期,住宅,157万/套,售罄,汉阳-四新大道与芳草路交汇处（往北约1公里）,--
当代国际城,住宅,价格待定,售罄,东湖高新-2号线南延长线佛祖岭站,--
御水华城,住宅,价格待定,售罄,汉阳-墨水湖南路与连通港路交汇处（领馆区正对面）,建面 84~117m²
联投花山郡住宅,住宅,价格待定,售罄,东湖高新-花山生态新城花城大道1号,--
星光时代,写字楼,价格待定,售罄,洪山-珞狮南路与文荟街交汇处,--
美联奥林匹克花园五期,住宅,价格待定,售罄,东西湖-汉口北大道特9号,--
国博天墅,住宅,价格待定,售罄,汉阳-国博大道与四新南路交汇处（6号线国博中心站旁）,建面 192~237m²
广电兰亭盛荟,住宅,价格待定,售罄,汉阳-江堤中路与四新北路交汇处,--
城投瀚城,住宅,价格待定,售罄,洪山-雄楚大道450号,--
怡景华庭,住宅,价格待定,售罄,汉阳-五通路与汉阳大道交汇处,建面 81~116m²
群光上苑,住宅,价格待定,售罄,洪山-群光广场后,建面 86~109m²
汉阳人信汇,商业类,价格待定,售罄,汉阳-龙阳大道58号,--
盘龙广场,住宅,价格待定,售罄,黄陂-盘龙城巨龙大道39号（香奈天鹅湖旁）,--
万科金色城市聆江苑,住宅,价格待定,售罄,洪山-白沙五路1号（武昌南·三环内·白沙高架旁）,--
汉正广场,商铺,价格待定,售罄,硚口-利济南路和汉正街交汇处,--
湖墅观止莱特城,住宅,92万/套,售罄,蔡甸-天鹅湖大道6-9号（位于后官湖和知音湖之间）,--
长航蓝晶绿洲三期,住宅,价格待定,售罄,洪山-中北路延长线与杨园南路交汇处,建面 92~96m²
愿景城B区,住宅,价格待定,售罄,东西湖-金银潭大道常青一中旁（碧水大道南、姑李路东）,--
绿地悦澜湾,住宅,价格待定,售罄,汉阳-四新北路601号（武汉三中斜对面）,--
泛海国际桂海园,住宅,价格待定,售罄,江汉-江汉区武汉中央商务区淮海路中段,建面 90~220m²
金色港湾五期,商业类,价格待定,售罄,蔡甸-市外国语学校对面,建面 38~85m²
奥山创意街区,住宅,价格待定,售罄,武昌-中南二路和武珞路六巷交汇处,建面 88~90m²
韵湖星光,商业类,价格待定,售罄,东湖高新-华师一附中旁,建面 43m²
银湖九号,商业类,价格待定,售罄,东西湖-金银湖马池路9号,建面 49~67m²
天宇盛世滨江悦滨江,住宅,价格待定,售罄,硚口-汉西一路、沿河大道、崔家墩路交汇处（沿河大道硚口区政府旁）,--
中大长江紫都六期,商业类,价格待定,售罄,洪山-武金堤东路与堤东街交汇处（南外滩旁）,建面 47~89m²
翰林紫园,住宅,价格待定,售罄,江岸-工农兵路与韦桑路交汇处,建面 91~158m²
恒大御园,住宅,价格待定,售罄,江汉-汉口CBD青年路范湖转盘（居然之家旁）,建面 55~110m²
福星惠誉汉阳城,住宅,价格待定,售罄,汉阳-拦江路同鹦鹉大道交汇处,--
地铁时代常青城,住宅,价格待定,售罄,东西湖-常青金银潭以北,--
三金华都二期,住宅,价格待定,售罄,江汉-江汉新华路738号,建面 94~147m²
百步亭金桥汇II期,住宅,价格待定,售罄,江岸-后湖金桥大道百步亭金桥汇II期(金桥大道绿色新都站旁),建面 59~163m²
百瑞景中央生活区六期,住宅,价格待定,售罄,武昌-中南亚贸旁，丁字桥路与瑞景路交汇处,建面 111~162m²
复地东湖国际七期,住宅,价格待定,售罄,武昌-中北路147号（原武重工厂）,--
南国大武汉3期西汇广场,商铺,价格待定,售罄,硚口-宗关水厂站（沃尔玛购物广场旁）,--
佰昌公馆,住宅,价格待定,售罄,江岸-轻轨1号线堤角站旁,建面 77~119m²
万科主场,住宅,价格待定,售罄,洪山-雄楚大街与桂元路交汇处,建面 45~95m²
梨韵华府,住宅,价格待定,售罄,黄陂-盘龙城巨龙大道与明富街交汇口,--
青山健吾公馆三期,商业类,价格待定,售罄,青山-八大家冶金一路与工业大道交汇处,建面 47~74m²
汉口北1号公馆,住宅,价格待定,售罄,黄陂-黄陂汉口北针棉制品城,--
国采光立方,住宅,价格待定,售罄,东湖高新-高新大道与光谷六路交汇处（东湖高新管委会东侧）,建面 104~114m²
水墨江郡,住宅,价格待定,售罄,江夏-永盛和房地产开发有限公司,--
碧桂园生态城左岸,住宅,价格待定,售罄,东湖高新-东湖高新区花山生态新城碧桂园社区会所（花城大道与花山大道交汇处）,建面 97~137m²
上坤绿城,住宅,价格待定,售罄,新洲-邾城街衡州大道320号(衡州大道与博物大道正交汇处),--
香榭花都三期领域,住宅,价格待定,售罄,新洲-新城柴泊湖以北（近阳发路）,建面 86~102m²
紫轩时代广场,住宅,价格待定,售罄,黄陂-汉施大道与立山路口交汇处（幼师专科学校对面）,建面 84~116m²
卓尔生活城,住宅,价格待定,售罄,黄陂-盘龙城汉口北大道特1号,建面 80~128m²
黄陂人信城,住宅,价格待定,售罄,黄陂-前川百秀街188号,建面 81~128m²
恒达盘龙湾荷苑,住宅,价格待定,售罄,黄陂-盘龙大道48号（奥特莱斯对面）,建面 112~168m²
远洋世界三期水岸一方,住宅,价格待定,售罄,东西湖-临空港大道868号,--
花样年花样城二期,住宅,价格待定,售罄,东西湖-张柏路径河以北,建面 87~104m²
大拇指广场,住宅,价格待定,售罄,蔡甸-汉阳大道红光南段（红光精品花园对面）,建面 48~112m²
万科翡翠国际,住宅,价格待定,售罄,江汉-建设大道长江日报路79号,建面 140~160m²
阳逻金色港湾,住宅,价格待定,售罄,新洲-阳逻街圆梦南路（新洲三中对面）,建面 85~132m²
汉飞洋房印象,住宅,价格待定,售罄,黄陂-汤仁海湖畔（盘龙大道旁）,建面 108~109m²
半岛华庭,住宅,价格待定,售罄,新洲-新洲区阳逻经济开发区平江大道倒水河畔（水乡渡假村对面）,建面 57~113m²
远洋心汉口,住宅,价格待定,售罄,江汉-发展大道与振兴三路交汇处,建面 78~118m²
恒大名都,住宅,价格待定,售罄,黄陂-盘龙城经济开发区巨龙大道33号（下岱黄高速右行500米）,--
观湖天下,住宅,价格待定,售罄,新洲-动漫水世界旁,--
盘龙水岸沁园,住宅,价格待定,售罄,黄陂-盘龙城经济开发区腾龙大道9号,--
联投汉口郡,住宅,价格待定,售罄,黄陂-武汉市黄陂区汉口北大道特9号（胜海家园旁）,--
汉北裕丰园,住宅,价格待定,售罄,黄陂-滠口派出所对面,--
汉北玺园,住宅,价格待定,售罄,黄陂-汉口北大道东端南侧（汉口北大道胜海站）,建面 109m²
海天幸福天地一期,住宅,价格待定,售罄,蔡甸-东风大道海天汽配大世界,建面 54~106m²
新世界梦湖香郡三期,别墅,价格待定,售罄,江岸-塔子湖东路111号（726公交车终点站）,建面 239m²
绿地城,住宅,价格待定,售罄,汉南-汉洪高速汉南出口处,建面 95~127m²
中部慧谷二期,住宅,价格待定,售罄,东西湖-环湖路57号,建面 43~120m²
恒大御府,住宅,价格待定,售罄,青山-冶金大道与工业二路交汇处,建面 75~144m²
纽宾凯汉city都会中心,住宅,价格待定,售罄,汉阳-汉阳大道与永丰路交汇处（王家湾工贸家电对面）,建面 81~133m²
联投龙湾三期,住宅,价格待定,售罄,江夏-珞狮南路延长线文化大道（武汉东湖学院旁）,--
瑞景天成,住宅,价格待定,售罄,江岸-后湖二路瑞景天成（后湖二路与兴业路交汇处）,建面 89~133m²
愿景时代,商业类,价格待定,售罄,东西湖-常青花园康居一路和姑李路交汇处（学府东路十小区旁）,建面 48~54m²
江山如画,住宅,价格待定,售罄,硚口-武汉普爱医院东院区西面,建面 51~142m²
杨春湖畔,住宅,价格待定,售罄,洪山-杨春湖景苑对面,建面 78~109m²
瑞云居,住宅,价格待定,售罄,江岸-金桥大道与正义路交汇处,建面 75~126m²
银泰御华园三期,住宅,价格待定,售罄,江岸-江岸新村174号（二七路附近）,建面 44~135m²
金融街壹号,住宅,价格待定,售罄,江岸-建设大道与黄浦大街交汇处（3号、8号地铁上盖）,建面 31m²
圣诚阳光丽景,商业类,价格待定,售罄,江岸-后湖百步亭花园路与幸福二路交汇,建面 53~57m²
三金雄楚天地,商业类,价格待定,售罄,洪山-卓刀泉路238号,建面 49~84m²
光谷8号,商业类,价格待定,售罄,东湖高新-光谷大道特1号,建面 42~50m²
星悦城华廷,住宅,价格待定,售罄,江岸-夏鹃街以北，石桥二路以西,--
北大资源山水年华二期,住宅,价格待定,售罄,东湖高新-珊瑚北路与九峰二路交汇处（新能源研究院北侧）,--
祥生柏景湾学府,住宅,价格待定,售罄,东西湖-环湖路39号,建面 43~93m²
光谷新世界T+,商业类,价格待定,售罄,东湖高新-东湖高新关山大道349号,--
福地名郡,住宅,价格待定,售罄,江夏-武昌大道与金樱街交汇处（华中师范大学汉口分校附近）,建面 86~89m²
圣龙国际广场,商业类,价格待定,售罄,蔡甸-金凯中百仓储正对面,--
金山左岸时代,住宅,价格待定,售罄,东西湖-吴家山啤砖路（737路焦家湾站）,建面 50~120m²
凯旋名居,住宅,价格待定,售罄,东西湖-金银谭大道与机场二高速交汇处（将军路中学旁）,建面 87~136m²
海天幸福小城,住宅,价格待定,售罄,蔡甸-硃山湖大道210号（海天汽配大世界综合楼一楼）,--
现代森林小镇金融SOHO垂直商业,商业类,价格待定,售罄,东湖高新-光谷大道120号（光谷金融港正对面）,建面 51~121m²
联想江城雅居,住宅,价格待定,售罄,东湖高新-关山大道和南湖大道交汇处（光谷创意大厦与光谷天地中间）,建面 85~200m²
武汉天地盛荟,住宅,价格待定,售罄,江岸-轻轨1号线头道街站（和谐家园旁）,建面 97~165m²
汉北大全景,住宅,价格待定,售罄,黄陂-黄陂汉口北大道与黄武公路交汇处（联投汉口郡对面）,--
泰然南湖玫瑰湾三期,住宅,价格待定,售罄,洪山-狮子山街苫风咀8号(中百仓储旁),--
圣特立国际花园,住宅,价格待定,售罄,蔡甸-汉南新一中对面,--
世茂锦绣长江五期,住宅,价格待定,售罄,汉阳-滨江大道188号（阳新路公交车站附近）,--
天汇龙城二期,住宅,价格待定,售罄,黄陂-盘龙城巨龙大道90号（中百仓储旁）,--
长投珑庭,住宅,价格待定,售罄,武昌-丁字桥路与福安街交汇处(涂家岭公交车站旁),建面 50~105m²
都市礼寓,商业类,价格待定,售罄,江汉-发展大道都市礼寓,建面 48~81m²
卓尔生活城二期湖湾,住宅,价格待定,售罄,黄陂-盘龙城汉口北大道特1号,--
美联联邦生活区二期城仕,住宅,价格待定,售罄,江岸-兴业路与文博路交汇处,--
奥特莱斯V公寓,商业类,价格待定,售罄,黄陂-盘龙城经济开发区盘龙大道50号,建面 37~64m²
菩提苑一期,住宅,价格待定,售罄,江夏-江夏文化路与金樱街交汇处（汉口学院正对面）,--
博学尚品,商业类,价格待定,售罄,蔡甸-车城西路与博学路交汇处（湖锦酒楼旁）,建面 44~79m²
统建新干线,住宅,价格待定,售罄,江岸-解放大道与张公堤交叉口,建面 87~120m²
金湖听语,住宅,价格待定,售罄,东西湖-金山大道·地铁6号线假日广场站（金银湖南一街与环湖西路交汇处）,--
万博玖珑湾,住宅,价格待定,售罄,黄陂-盘龙大道甲宝山路,--
武湖尚公馆,住宅,价格待定,售罄,黄陂-汉施公路发展路（恒泰电线电缆公司对面）,建面 75~114m²
武汉恒大龙墅,别墅,价格待定,售罄,黄陂-巨龙大道兴龙路口（佳海工业园附近）,建面 186~225m²
新城璟汇,住宅,价格待定,售罄,东西湖-环湖中路与马池中路交汇处,--
江北豪庭,住宅,价格待定,售罄,黄陂-梅教街与汉施公路交汇处（红村小学附近）,--
江山如画汉玺,住宅,价格待定,售罄,硚口-武胜路与沿河大道交汇处（ 江汉一桥下）,建面 193~229m²
万安soho国际,住宅,价格待定,售罄,东西湖-革新大道与七雄路交汇处,--
昌锐双怡丽景,住宅,价格待定,售罄,黄陂-施公路与立山北路交汇处,--
恒大嘉园,住宅,价格待定,售罄,东西湖-轻轨1号线东吴大道站,--
二七新江岸生活广场,住宅,价格待定,售罄,江岸-正义路与后湖五路交汇处（东方华府旁）,--
万科阅庐,住宅,价格待定,售罄,江岸-高雄路39号附1号（高雄路与苗栗路交汇处）,建面 185m²
中国核建锦城,住宅,价格待定,售罄,蔡甸-汉阳大道中核世纪广场对面,--
中铁世纪金桥二期碧海园,住宅,价格待定,售罄,汉阳-地铁6号线国博中心站附近,--
兴华御水澜湾,住宅,价格待定,售罄,汉阳-墨水湖南路与连通港路交汇处,--
保利圆梦城,住宅,价格待定,售罄,新洲-圆梦南路保利圆梦城（新城柴泊湖以北）,建面 119m²
一品莲花A区天下峰景,住宅,价格待定,售罄,蔡甸-工农路（庆龄幼儿园旁）,--
恒大常青花园,住宅,价格待定,售罄,东西湖-常青花园6号,--
纯水岸东湖三期,住宅,价格待定,售罄,洪山-东湖生态旅游风景区欢乐大道166号（华侨城公交场站附近）,--
联投金色港湾星座,住宅,价格待定,售罄,蔡甸-江大五号门斜对面,建面 45~63m²
汉水新城中法印象,住宅,价格待定,售罄,蔡甸-公交H101中法友谊大桥站旁,建面 85~115m²
光谷悦城,住宅,价格待定,售罄,东湖高新-东湖高新区光谷一路与高新二路交汇处,--
华发中城荟,住宅,价格待定,售罄,江汉-青年路与范湖路交汇处（武汉市江汉区国税局旁）,--
兰江公园里,住宅,价格待定,售罄,黄陂-盘龙经济开发区汤云海路特1号,--
纽宾凯汉city国际社区汀澜公馆,住宅,价格待定,售罄,汉阳-琴台大道赫山站附近,建面 108m²
德大浅水湾,住宅,价格待定,售罄,黄陂-武汉市汉口北大道68号,--
万科新世纪翡翠滨江,住宅,价格待定,售罄,汉阳-知音桥头 二环线与琴台大道交汇处（琴台大道888号）,建面 81~173m²
天悦尚景,商业类,价格待定,售罄,江岸-新荣村客运站旁,建面 45~82m²
BCO全球保税商品直销中心,商铺,价格待定,售罄,东西湖-走马岭东西湖大道4899号,--
南国北都城市广场,商铺,价格待定,售罄,江汉-姑嫂树路12号,--
南国大家装江南店,商铺,价格待定,售罄,洪山-珞狮南路与雄楚大道的交汇处,--
武汉长岛,别墅,价格待定,售罄,东湖高新-江夏大道沃特豪斯别墅酒店对面（汤逊湖东北岸）,建面 600~630m²
光谷地产湾郡,住宅,价格待定,售罄,东湖高新-东湖高新区汤逊湖北路与中环线交汇处,建面 109~133m²
保利清能西海岸别墅,别墅,价格待定,售罄,东湖高新-藏龙岛杨桥湖大道与栗庙路交汇处（华农楚天学院斜对面）,建面 163~182m²
华侨城墅区三期,别墅,价格待定,售罄,洪山-东湖生态旅游风景区欢乐大道166号（华侨城公交场站附近）,--
长投鹭栖湖,别墅,价格待定,售罄,东湖高新-光谷藏龙岛栗庙路12号（湖北美术学院对面）,--
大华滨江天地三期铂金瑞府,住宅,价格待定,售罄,青山-旅大街大华滨江天地,--
钰龙旭辉半岛,住宅,价格待定,售罄,汉阳-墨水湖北路与汉桥路的交汇处约800米（二环汉桥路出口）,建面 140~169m²
诺展星座,住宅,价格待定,售罄,武昌-才汇巷特1号（铁机路与二环线交汇处）,建面 85~117m²
长城达尚城,住宅,价格待定,售罄,东湖高新-高新五路58号（高新五路与流芳大道交汇处）,--
水墨清华别墅,别墅,价格待定,售罄,汉阳-临墨水湖岛,--
丰泽园别墅,别墅,价格待定,售罄,东西湖-东西湖区环湖东路以西（金桥五路以北）,--
五环时尚广场,住宅,价格待定,售罄,东西湖-临空港大道与金山大道交汇处,--
福星惠誉国际城四期悦公馆,住宅,价格待定,售罄,洪山-武汉大道和团结大道交汇处（徐东大街鹏程花园门口旁）,--
源江富督苑,住宅,价格待定,售罄,新洲-新洲区平江东路阳逻大桥下桥处（阳逻街外环线与平江东路交汇处）,--
中建大公馆,住宅,价格待定,售罄,东湖高新-关山大道与南湖大道交汇处（光谷软件园对面）,--
恒达盘龙湾桂苑,别墅,价格待定,售罄,黄陂-盘龙湖南岸（川龙大桥旁）,--
碧桂园学府壹号,住宅,价格待定,售罄,蔡甸-蔡甸大街（蔡甸汉阳一中对面）,--
金沙泊岸,住宅,价格待定,售罄,洪山-秦园东路与沙湖大道交汇处,建面 100~135m²
万科翡翠云台,住宅,价格待定,售罄,洪山-浅水湾路9号（机场二路与浅水湾路的交汇处）,--
万科汉阳国际D壹区,住宅,价格待定,售罄,汉阳-龙阳大道陶家岭(公交陶家岭站旁),--
F绿岛艺墅,别墅,价格待定,售罄,黄陂-盘龙城奥特莱斯广场对面,建面 122m²
青城荟,住宅,价格待定,售罄,青山-冶金大道35号（沿港路与冶金大道交汇处）,--
新长江香榭北郦湖,别墅,价格待定,售罄,黄陂-盘龙城腾龙大道（后湖南畔）,--
碧桂园生态城山湖间一期,别墅,价格待定,售罄,东湖高新-花山街花城大道2号,--
新长江京华国际,商业类,价格待定,售罄,江汉-姑嫂树路和兴业路交界处（南国北都对面）,--
清能清江锦城三期,住宅,价格待定,售罄,洪山-张家湾街烽胜路55号,--
百步亭长青壹号,住宅,价格待定,售罄,东西湖-常青花园中路11区东门,--
铁投江南御景,住宅,价格待定,售罄,青山-和平公园八大家转盘（冶金大道与工业一路交汇处）,--
武汉恒大御府二期,住宅,价格待定,售罄,青山-工业二路与冶金大道交汇处,建面 143m²
天元四季花城,住宅,价格待定,售罄,蔡甸-汉阳大道与知音湖大道交汇处，,--
华发未来荟,住宅,价格待定,售罄,汉阳-地处汉阳江城大道与四新南路交汇处,--
新长江香榭澜溪二期,住宅,价格待定,售罄,汉南-兴城大道与汉南大道交汇处,--
佳兆业金域天下一期,商业类,价格待定,售罄,洪山-白沙洲新城烽胜路36号,--
泛悦城,住宅,价格待定,售罄,东湖高新-关山大道与珞喻路交汇处,--
学府丽城二期,商业类,价格待定,售罄,蔡甸-博艺路（江大5号门）,--
百步亭江南郡,住宅,价格待定,售罄,江夏-江夏大道与向阳二路交汇处,--
天下左岸春天,住宅,价格待定,售罄,蔡甸-蔡甸广场,--
福星惠誉青城华府,商业类,价格待定,售罄,洪山-友谊大道福星惠誉青城华府,--
中建光谷之星,住宅,价格待定,售罄,东湖高新-东湖高新区高新大道与光谷六路交汇处,--
喜瑞都,住宅,价格待定,售罄,洪山-白沙三路前行300米,--
金地湖山境,住宅,价格待定,售罄,东湖高新-光谷杨桥湖大道与栗庙路交汇处向东500米（邻藏龙岛国家湿地）,建面 132m²
华发外滩首府,住宅,价格待定,售罄,江岸-中山大道永泰路口,--
滠水春晓,住宅,价格待定,售罄,黄陂-黄陂滠口街滠口正街滠水河畔（滠水河民生堤旁）,--
芒果青年公寓,商业类,价格待定,售罄,黄陂-临空经济核心区黄陂今古城（中百仓储旁）,建面 27m²
绿地国际理想城,住宅,价格待定,售罄,东湖高新-高新四路与光谷三路交汇处,--
中建文华星城,住宅,价格待定,售罄,江夏-文化大道与红旗街交汇处（农商行大楼旁）,--
华星融城二期,住宅,价格待定,售罄,东西湖-姑李路88号,--
鸿达中央广场,住宅,价格待定,售罄,东西湖-临空港大道与东西湖大道交汇处,--
合融清华源,住宅,价格待定,售罄,黄陂-钓台道与木兰大街交汇处（客运中心旁）,建面 80~100m²
MOMA焕城二期,住宅,价格待定,售罄,东湖高新-高新二路省奥体中心东侧500米,--
圣特立国际花园三期,住宅,价格待定,售罄,汉南-兴城大道与月亮湾路交汇处,建面 194m²
凯旋名居二期,住宅,价格待定,售罄,东西湖-金银潭大道与机场二高速交汇处（将军路中学旁）,--
洞庭苑,住宅,价格待定,售罄,江岸-洞庭街130号,建面 56~351m²
中建龙城四期,住宅,价格待定,售罄,江夏-纸坊大街701号,--
三和剑桥城,住宅,价格待定,售罄,蔡甸-蔡甸大街与西环路交汇处,--
听涛观海二期,别墅,价格待定,售罄,蔡甸-后官湖大道与枫树一路交汇处,--
北辰优+国际青年互动特区二期,住宅,价格待定,售罄,东湖高新-省奥体中心旁,--
武汉设计广场,商业类,价格待定,售罄,汉阳-经济开发区芳草二路87号,--
瑞和华府二期,住宅,价格待定,售罄,东湖高新-江夏区藏龙岛栗庙大道11号（湖北美院旁）,--
国采光立方二期,住宅,价格待定,售罄,东湖高新-光谷六路国采光立方,--
融创公园壹号三期,住宅,价格待定,售罄,江岸-后湖大道与塔子湖东路交叉口,--
中城上品,住宅,价格待定,售罄,蔡甸-汉江路与博奇路交汇处,--
天汇龙城三期,住宅,价格待定,售罄,黄陂-盘龙城巨龙大道90号,--
长江凯旋城,住宅,价格待定,售罄,黄陂-汉施公路与发展路交汇处,--
南国都会,商铺,价格待定,售罄,洪山-恒安路南国都会,--
星悦城一期,商铺,价格待定,售罄,江岸-塔子湖西路1号（后湖大道与塔子湖西路交汇处）,--
星悦城二期,商铺,价格待定,售罄,江岸-罗家嘴路12号,--
尚璟瑞府,住宅,价格待定,售罄,黄陂-佳海工业园附近,建面 133m²
泷悦华府,住宅,价格待定,售罄,东湖高新-关山大道与高新大道交汇处,--
保利新武昌,住宅,价格待定,售罄,洪山-烽胜路与八坦北路交汇处,--
万科金域华府,商业类,价格待定,售罄,武昌-纺机路29号,--
龙庭华府,住宅,价格待定,售罄,蔡甸-汉阳大道与汉江路交汇处,--
汉北水晶城二期,住宅,价格待定,售罄,黄陂-武汉市黄陂区汉北大道167号,--
光明上海府邸,住宅,价格待定,售罄,汉阳-汉阳区四新北路与四明路交叉口以西,--
爱家国际华城,商铺,价格待定,售罄,洪山-团结大道1026号,--
广信万汇城,住宅,价格待定,售罄,东湖高新-江夏区庙山办事处江夏大道14号（武昌理工学院旁）,--
新力帝泊湾,住宅,价格待定,售罄,黄陂-盘龙城巨龙大道与兴龙路交汇处（华师附小旁）,--
武汉江山,住宅,价格待定,售罄,青山-临江大道和园林路交汇处,--
碧桂园海昌天澜四期白鹭湾,住宅,价格待定,售罄,东西湖-金银潭大道96号,--
和昌都汇华府,写字楼,价格待定,售罄,汉阳-江城大道368号,--
